row,model,benchmark,problem_id,gold_target,model_final_answer,grader_verdict,HUMAN_grader_correct?[y/n],HUMAN_true_verdict[correct/incorrect],HUMAN_notes
1,deepseek-7b,math500,95,-4,-4,correct,y,,
2,qwen3-8b,math500,36,"3, 5, 7",7,incorrect,y,,
3,qwen3-8b,math500,203,12,12,correct,y,,
4,deepseek-7b,math500,9,4,34,incorrect,y,,
5,deepseek-7b,math500,454,y = 2x + 3,2x+3,correct,n,incorrect,
6,qwen3-8b,math500,130,13,13,correct,y,,
7,qwen3-8b,math500,70,40_9,40,incorrect,n,correct,个人认为题目语境比较明确，40也不会被误认为是十进制的
8,deepseek-7b,math500,219,\frac{1}{2},22,incorrect,y,,
9,qwen3-8b,math500,454,y = 2x + 3,2x+3,correct,n,incorrect,
10,deepseek-7b,math500,23,x=5,5,correct,y,,
11,qwen3-8b,math500,39,23,23,correct,y,,
12,qwen3-8b,math500,30,52_8,52,incorrect,n,correct,个人认为题目语境比较明确，52也不会被误认为是十进制的
13,deepseek-7b,amc23,8,1.0,1,correct,y,,
14,deepseek-7b,math500,163,-\frac{35}{9},-\frac{35}{9},correct,y,,
15,qwen3-8b,math500,90,\frac{3}{2},\frac{3}{2},correct,y,,
16,qwen3-8b,amc23,26,13.0,13,correct,y,,
17,deepseek-7b,math500,352,11 \sqrt{5} + 11,11(1+\sqrt{5}),correct,y,,
18,qwen3-8b,math500,422,"\{1\pm\sqrt{5},-2\}","{-2,1-\sqrt{5},1+\sqrt{5}}",incorrect,n,correct,
19,deepseek-7b,math500,296,\text{(B)},B,correct,y,,
20,qwen3-8b,aime24,18,023,23,correct,y,,
21,qwen3-8b,amc23,10,5.0,5,correct,y,,
22,deepseek-7b,amc23,39,8.0,8,correct,y,,
23,qwen3-8b,math500,100,145^\circ,145,correct,y,,
24,qwen3-8b,math500,318,\frac{11+9a}{20},\frac{9a+11}{20},incorrect,n,correct,
25,qwen3-8b,amc23,4,36.0,36,correct,y,,
26,qwen3-8b,math500,298,\begin{pmatrix} -18 \\ -49 \\ 96 \end{pmatrix},\begin{pmatrix}-18\\-49\\96\end{pmatrix},correct,y,,
27,deepseek-7b,amc23,37,901.0,901,correct,y,,
28,qwen3-8b,aime24,7,025,25,correct,y,,
29,deepseek-7b,math500,433,.35625,0.35625,correct,y,,
30,qwen3-8b,math500,192,30,30,correct,y,,
31,deepseek-7b,math500,458,41,41,correct,y,,
32,qwen3-8b,amc23,25,50.0,50,correct,y,,
33,qwen3-8b,math500,96,1 \pm \sqrt{19},1-\sqrt{19},incorrect,y,,
34,qwen3-8b,math500,383,"x \in [-2,7]","[-2,7]",correct,y,,
35,deepseek-7b,math500,52,12,12,correct,y,,
36,deepseek-7b,aime24,10,104,17,incorrect,y,,
37,qwen3-8b,math500,261,76^\circ,76,correct,y,,
38,deepseek-7b,math500,26,144,4,incorrect,y,,
39,deepseek-7b,aime24,24,033,33,correct,y,,
40,deepseek-7b,math500,419,\begin{pmatrix} -7 \\ 16 \\ 5 \end{pmatrix},\begin{pmatrix}-7\\16\\5\end{pmatrix},correct,y,,
41,deepseek-7b,math500,318,\frac{11+9a}{20},\frac{9a+11}{20},incorrect,n,correct,
42,qwen3-8b,math500,242,"\$32,\!348",32348,correct,y,,
43,qwen3-8b,math500,2,\frac{14}{3},\frac{14}{3},correct,y,,
44,deepseek-7b,math500,7,90^\circ,90,correct,y,,
45,deepseek-7b,math500,281,36^\circ,36,correct,y,,
46,deepseek-7b,math500,382,\frac{20000}{\pi},\frac{10000}{\pi},incorrect,y,,
47,deepseek-7b,aime24,2,371,17,incorrect,y,,
48,deepseek-7b,math500,450,64,64,correct,y,,
49,deepseek-7b,amc23,26,13.0,13,correct,y,,
50,qwen3-8b,math500,55,3,3,correct,y,,
51,qwen3-8b,math500,492,y = -2x,-2x,correct,n,incorrect,
52,deepseek-7b,math500,233,30^\circ,30,correct,y,,
53,qwen3-8b,amc23,34,1625.0,1625,correct,y,,
54,qwen3-8b,math500,107,9,9,correct,y,,
55,qwen3-8b,amc23,9,4.0,4,correct,y,,
56,deepseek-7b,math500,214,110,105,incorrect,y,,
57,qwen3-8b,aime24,21,315,15,incorrect,y,,
58,deepseek-7b,math500,177,30^\circ,30,correct,y,,
59,deepseek-7b,math500,205,\begin{pmatrix} -2 \\ -14 \\ -7 \end{pmatrix},\begin{pmatrix}-2\\-14\\-7\end{pmatrix},correct,y,,
60,qwen3-8b,amc23,22,7.0,7,correct,y,,
61,deepseek-7b,math500,282,129,7482752000000000000,incorrect,y,,
62,deepseek-7b,math500,444,\frac{1}{2},2,incorrect,y,,
63,deepseek-7b,math500,254,28,28,correct,y,,
64,deepseek-7b,math500,297,103,103,correct,y,,
65,deepseek-7b,math500,99,\begin{pmatrix} -1/3 \\ 2/3 \\ 5/3 \end{pmatrix},\begin{pmatrix}-\frac{1}{3}\\\frac{2}{3}\\\frac{5}{3}\end{pmatrix},correct,y,,
66,qwen3-8b,math500,351,\frac{1}{16},1,incorrect,y,,
67,qwen3-8b,math500,338,4343_6,4343,incorrect,n,correct,跟以上两题一样
68,deepseek-7b,math500,64,\frac{35}{64},-\frac{35}{64},incorrect,y,,
69,deepseek-7b,math500,152,8,8,correct,y,,
70,qwen3-8b,math500,50,203,203,correct,y,,
71,deepseek-7b,math500,314,"(2,4)","(2,\4)",incorrect,y,,
72,deepseek-7b,math500,459,\$18.90,18.90,correct,y,,
73,qwen3-8b,math500,25,"1,-2","-2,1",incorrect,n,correct,
74,qwen3-8b,aime24,24,033,33,correct,y,,
75,deepseek-7b,math500,324,120,150,incorrect,y,,
76,qwen3-8b,math500,312,"(5,\infty)","(5,\infty)",correct,y,,
77,deepseek-7b,math500,267,180^\circ,180,correct,y,,
78,qwen3-8b,math500,357,4,4,correct,y,,
79,qwen3-8b,aime24,29,902,1022,incorrect,y,,
80,qwen3-8b,math500,273,1250,1250,correct,y,,
81,deepseek-7b,math500,240,116,154,incorrect,y,,
82,qwen3-8b,math500,23,x=5,5,correct,y,,
83,qwen3-8b,math500,284,3 \pm 2 \sqrt{2},3+2\sqrt{2},incorrect,y,,
84,deepseek-7b,math500,284,3 \pm 2 \sqrt{2},3-2\sqrt{2},incorrect,y,,
85,deepseek-7b,math500,136,64,64,correct,y,,
86,qwen3-8b,math500,12,284,284,correct,y,,
87,deepseek-7b,amc23,16,8.0,8,correct,y,,
88,qwen3-8b,math500,324,120,150,incorrect,y,,
89,qwen3-8b,math500,71,2516_8,2516,incorrect,n,correct,跟上面三题一样