benchmark,dataset_index,problem_id,content_hash,stratum,split
aime24,0,60,d3a5aa0d9eacc79eb5578da77ca347cf8474ebd4d02290c66e189ebd31ec427a,all,dev
aime24,1,61,a25c0cc98c5e82a05195ce21c434ac5df01591b68e21d3c558ff7a6c93188781,all,train
aime24,2,62,6a639d660545509ceb5a7a250539686c108da010ab3fe1272bfc4a8432a78856,all,train
aime24,3,63,1699fef93ad35b1488eafa41e31123ca35b26d3a2a41a899d6280f38309f00de,all,test
aime24,4,64,6c22f8851963501d33f864d4142bf839f5d9b47868ace6884d4708b4808c39f9,all,train
aime24,5,65,3d45c2c747ce59ccb90b106fffba4bed6e697f87b86a0af85d4c40b95bcc2726,all,train
aime24,6,66,535794a365479539b02eec12a7dccdd3bce257f941dcb852aa362922b9c86b23,all,dev
aime24,7,67,d8db1ae7616f9f6e008ee62f546de7420f053216803021df321287646ffea649,all,train
aime24,8,68,0b085525765b0a4037fd251db33ec602a108aba651b324260437db38f1c6bd6a,all,test
aime24,9,69,254604bb0751875f3612d47a350ebb2bb476976ed2bb249f9cb00c86fa07120b,all,train
aime24,10,70,39078ca9f19c22eff35c6aaeff5c7375954138d9c0ad8ff2000fc9d84c7eed03,all,train
aime24,11,71,41a4cf91ca8df560fefb349ed633d182884a101ffeaa8a1bd0e6492c1e3ced6f,all,dev
aime24,12,72,154d6cde5a1ed42105d28eea4b6e10c7dd33507c6faacf88e66f5f3750fa435b,all,train
aime24,13,73,dc5ce6bb472cec57118dd1b139c4999b140f982fc32ecb931c68f7389a52bd6d,all,train
aime24,14,74,e1c6b298100d3f37faad67577db28b2978b95bd24798ae2cbbbdc148565f601b,all,test
aime24,15,75,9521ca4e0310112d590903b699e884facc40b4eca5e822ddc8292f48c14309fc,all,dev
aime24,16,76,63d3407b7719d79261727a5850dd874268672d86dc0d0ba4c417a4788bb5d5e1,all,test
aime24,17,77,f24d846d3c80743620e761f187d5e9177fc480206635bcf45cd660cdf24344e6,all,train
aime24,18,78,9cb54731ef976ec2b88cbf97b51df34e39980e68518b78daef52557bcc58fbcc,all,train
aime24,19,79,40edfaa2c9438b864e60563e56a8c85ab647b43efeb1644041b00cb642920005,all,test
aime24,20,80,0843754e78289d98a20df70dfbe4b27b75fde16a3d197d7312a7f8f4ace27c62,all,train
aime24,21,81,3eeb64ddff79ac9757cc6aa40b0302dd99d0a6b4d2e4460f6ea650235de82a60,all,train
aime24,22,82,8d3382575f1cf84d72a22aa957047f1083234ffe28bdcff0daa686de6b079b45,all,test
aime24,23,83,5c51ee13f3f16c8a3317814b26fd1335a9e354fbd4fdcaf32d66bc900e3a58aa,all,train
aime24,24,84,12f7caa1a71ef1f354cdc972e61183bf9f0f2f52b9ac18cfe6e0190c410df8f0,all,train
aime24,25,85,c22d651debcd11eca5994889c5261ebef78c6e6c2bf6c79a7d0607adc0896613,all,dev
aime24,26,86,7cc61c87f4f5cd2f1828b81cc2fe09341e2b2afb7fc7ba8a9060744b0f4b4154,all,train
aime24,27,87,47263bd9f7970f3dde671d58425cb6d07bb3d3c65a87825e30ae2f6fa99e9deb,all,train
aime24,28,88,a383b3d4bc0e3dc35846a407de9e27149dd1738e35a20b1fe81295c9ee2f6ebd,all,dev
aime24,29,89,376ee30c6d1f05d6fb7a2ccb7723755f24737ea158709e04e41dc3fee3c8c695,all,train
amc23,0,0,080784f4c8d11c52efefb80f7f53adc6faaaee5c21c18ada04dd98b7c99c361a,all,test
amc23,1,1,e9fb8bee9683ad1cb2f7b0365a0a3e7a2b261e49d9bf1988ed42180941909f1b,all,train
amc23,8,10,57c514cace03b44bee752151973ab16b3db691424a01a0d1ab91fcc6212a2692,all,train
amc23,9,11,014f558364c557179247b94d1efe64dbea3171d4063601bf4a29b0be4bc1e23f,all,train
amc23,10,12,1d0f3fb542b3ebec0a70c6d98eace8a40fec885195df2db63ecb99e282e16db3,all,dev
amc23,11,13,6834ae3c1cb2a381195ee7c363f516819a92105571933fc75c97a580df96b529,all,dev
amc23,12,14,6d3b101cc6c9c08e14993efb2f82f8a2fe97894fffc749b9c7ce053cba648115,all,train
amc23,13,15,7965cdfa2eefb5dc42bef991b44e2a55f55d5b453fa0b723ef371e17a80fd4e0,all,train
amc23,14,16,3d7cf667fde9f727addc63d546786975dab3c36072c1807a94a2f6d577e8b0a7,all,dev
amc23,15,17,0210c2abd7e750efca93ce6810d945d6fa2abbaa5370d9cfcb5c508e93eeb515,all,dev
amc23,16,18,f9068701da5b6ed2e1e4036c02faf5eae3a68cae3aba01e1f174946a5bdcf8cb,all,train
amc23,17,19,aa9c362cef8ddfb26c963fc2670d66f2aef0b4d35140e020401695569d28e133,all,test
amc23,2,2,367d6a1bd539ea4781346a17a03051de9bc06c211be9b79605cd60391cadc6bf,all,test
amc23,18,20,398f8d305052c3e982910e84c220f9056c24fd469c0e8f65341e9b88c131be0c,all,train
amc23,19,21,694482b8f78c89183789cd5bbd035c20a8fbe8f084f581aa61c75a98920a6143,all,test
amc23,20,22,05d16cbf34a16a2e6c22da36a68486fcd6a4a2958b859deebab599740d94ce22,all,train
amc23,21,23,40766ca287a3de97b448de6a19068c195ff20cbaf61c5147dc04c429bfec2ca8,all,train
amc23,22,25,0606c57825774dba95ea3fca62aa1016549fa4ecd82dea9277f2e15a0cb67e70,all,train
amc23,23,26,c3a870059c799d00014fc818b31f25ac44d5b474f4e0743440844fd1e8073590,all,dev
amc23,24,27,dee72e58ca782c935b472b265ee8b6cad322f15e200f73f1ed02c4b94560e933,all,train
amc23,25,28,f17d175f2b115b6985de41ddf5bb4b6cfa59acc93d183820ba4bfb76c77a7077,all,train
amc23,26,29,f335989862f1bf8fabaea4060b2d696e7f73dc59e34085c4bd2670ecb1834dae,all,train
amc23,3,3,d1b7a910408f01f8f76595a02033c69c4c08994657190044d8b885a55e297929,all,train
amc23,27,30,be9289baddb6a962cb7ac52792ede1df35dd04ddf70f25f451b110efaef09cab,all,train
amc23,28,32,51adb5811fd2db67e7dfdd889058526dc482fd88f54d399af80ad34e7bc3165b,all,dev
amc23,29,33,6faf16b57c502f6e0232d928d2c64bf4979dd24516ad3abedf8c259d5e31d1b7,all,train
amc23,30,36,35d9b57de2401e51ff654d0242aea3b84bd38e06b7c1deffd4ecd6f8c013397a,all,test
amc23,4,4,f605be43a163ca49dca9ea34c2b8e937d1ebc26b694e0d8185787c4999e0ec49,all,train
amc23,31,40,235616655e843798f1d37a095f84c6722c95d708d7f99d5613217c0c6c1828f9,all,test
amc23,32,41,6f3ad859871e8dce7c940a1e293e11e29b2437ba74730f06e6e09bb45e64b1c3,all,train
amc23,33,43,778f8423da9e292b363be859251137757b8e8fcbf57e7631b1366e33547a7f23,all,train
amc23,34,44,b918284920ea52f499dbf7b4d42116742f4eb9935677d3b6397672331d9919ab,all,train
amc23,35,45,9a4c836b0903f4db0b148c1e27986715d5d95147b4ec3031445a948d280088a6,all,train
amc23,36,46,95a987d5fd87a3c730b62e6cdd0d50b3af0b087dcd984d6e902e1b901e0dd10e,all,test
amc23,37,47,907a8318293de5a13d7747def41a1406ede84c84f0141e795631749f4d897418,all,train
amc23,38,48,0070ab40f845b883632500b1bb4462758c7ec8db69b4beb8cd1b00774206750a,all,test
amc23,39,49,9dc6e71239857ff369994ede8bad005e69a34cfa59392ea3269606167323d0f7,all,train
amc23,5,5,c593d770463b6d621f4f87f481c402f060c70ba3646ae45aa1c8cbe3afb121da,all,dev
amc23,6,7,e232e46004a5e9571d45580da99de722d3afa0b26ae5e415d9130c77091cc0fe,all,train
amc23,7,8,7c11807d31cab0db7332a54a1cc9d3711ff269ad05c0de553dfcf83457c1be74,all,dev
math500,77,test/algebra/1004.json,7871fe82888ead4d8978fba0d5f9664116426247982773315491263a081ca9d1,1Algebra,test
math500,383,test/algebra/101.json,3a163c1cee6e87dd1e048e6f2ab6f4d601e5b8af7201741cc6596d1264d60a31,4Algebra,train
math500,388,test/algebra/1031.json,003a6da4f65f8b836559d647bbff9cb84f3ef76cff2041c083144b5d01507421,5Algebra,test
math500,81,test/algebra/1035.json,8987521860bd13623faf3d5a3eed11ec7102ce4f49868301bfbf825ce7e2491a,3Algebra,test
math500,33,test/algebra/1072.json,e91807d7333e81acb9b2ab174d57d82cb3378f94f2664fc7a17b540dc9bebf3d,4Algebra,dev
math500,356,test/algebra/1078.json,287390722c7a4359cf9845c14d77c294ca4d1f12f5d7873a35db75409943badf,5Algebra,test
math500,183,test/algebra/1082.json,b3fab9ee15875a8f19ed4d1b3d733b5c4594974f1cd1e5efb7d048ff602c15d3,4Algebra,train
math500,191,test/algebra/109.json,e3fd8873e1c5e3a2a2ac03e1ab1da9b96c6449c3daff144f990c543aa6c81507,2Algebra,test
math500,20,test/algebra/1098.json,3d74748242a32b4085f2060ea5b5cb65dd927e52325458cd4f05a6c010293cd1,3Algebra,train
math500,395,test/algebra/114.json,a1c6a2b4d357fe976e0b5a104745a8d72b430f7a29149554495bf125cd7729c9,1Algebra,dev
math500,241,test/algebra/1143.json,daae62c4fea5cd3936bbe11a757cee23085b44262e6d2d1f67161635d576a8c1,5Algebra,train
math500,282,test/algebra/1184.json,25d95e435941a875950150065baa04172d3787bc06e633c577c9f3f4f5dda45e,4Algebra,dev
math500,367,test/algebra/1199.json,4a70d824470a3dfa8e2731596d0acd1be5a738bc29f435bb0971e1437bda66fd,4Algebra,dev
math500,185,test/algebra/1214.json,8f86b4e670cc70962839a549f544df08676c27579ec3ad6f1266624c84a9bb56,1Algebra,dev
math500,161,test/algebra/1255.json,f8a08e46dc0b24a5b897428c04475e1dd371a41b009781fd06af6ca34bd966e3,2Algebra,train
math500,48,test/algebra/1265.json,8184595ede9578501277e63444ddbba5c2c8f7297d686a447e0cfd3d3955a678,2Algebra,train
math500,181,test/algebra/1275.json,bfbd27439378a239d402c5fc8297f7efb10a6707f992a6738ff07665b850b88a,3Algebra,train
math500,276,test/algebra/1282.json,f319859146ffa9def014ab70e269758b644853027e00891426346790584b958c,5Algebra,test
math500,374,test/algebra/1303.json,e010b69c7493eee8e6b4388d02a71c512095dc6e25b282d5a55987557ea905ba,1Algebra,train
math500,122,test/algebra/1332.json,1653583804fde7e57287d1bda85b2b919e5cbc12c1740b40db2b746852a3f7dd,3Algebra,train
math500,346,test/algebra/1338.json,6392383c221580f7ba69cdef96cc6cfc55ceedca900f2843c19f9aed9561a93f,4Algebra,train
math500,424,test/algebra/1339.json,52330b6ef2d6f85d7a8270ad070b0ab8ad194a25905664c21af26bafca844b3f,5Algebra,train
math500,442,test/algebra/1343.json,37a06f1c9e6709a113e7bbf3100ab9a2df044cf23310c635f0df97754e2bd822,4Algebra,test
math500,4,test/algebra/1349.json,a7adfe837f88d1c79daafe04dc9ccf0caecff2b5d55e947aa468acb4ac17d920,2Algebra,train
math500,463,test/algebra/1425.json,c2c1fb20013c9585bb5d54923b9af277bee1acc671641e6889714fb984b692d6,2Algebra,train
math500,334,test/algebra/1457.json,83378ae5ee6f92cfc3c3489233003cf1cb73a34c0790f28f9d142af709b9d71f,3Algebra,train
math500,146,test/algebra/1519.json,7a25371eb1618fd9d2db789292e13f4ddd1b9f8e1ccd77a5989bca82ef0b7f9d,3Algebra,test
math500,345,test/algebra/1529.json,d9038036c64d319aa082bbf41229c289c60c075b4afab3b9eed1f59c605509f1,3Algebra,train
math500,347,test/algebra/1547.json,25acc6b85c45923ec0f1187d8f4dee7ad19ecb49dc42bb00d84854f58cd2da37,3Algebra,train
math500,437,test/algebra/1553.json,3332623945ebf28b9a1685a8d72fbd4c04abd1a4ace76d45fe294d03d735fabc,3Algebra,train
math500,231,test/algebra/1578.json,3d1c21111619ffac00fc641c7b4e81d1caa1c83a6eb061cd20578227d38a80d1,4Algebra,train
math500,386,test/algebra/170.json,856f8e255ae91ff839784d558856fbdee6ce508801f6887abd6812fb02484075,3Algebra,test
math500,246,test/algebra/1787.json,df99a287b6cc1f0fa080b887a55dddb862f2b91be9c6ed3045e1081872455be7,2Algebra,test
math500,418,test/algebra/1796.json,0909694163874a796c9c9feb7283799bfddb86b43d5aeed80eaeecdf24c7cb91,5Algebra,train
math500,452,test/algebra/1814.json,763d1e5275ab82c97ce30e103a118bea70a73b778bbe9c78bc937bc86b2652ea,2Algebra,train
math500,22,test/algebra/1837.json,10c5182688fa860eb803a830ed772f0336b7f786bcf924ccd578dd7df017bd5e,5Algebra,train
math500,310,test/algebra/1842.json,e5f95f2f17b8992fc606bca531ea21eaf49ac7215301dc556c2cee8ca63f11b7,2Algebra,train
math500,55,test/algebra/187.json,c933eb69c319baf6fb2f12d9de90eeaf52ef33b20954f641a1b7a3fa9d0136d0,4Algebra,train
math500,250,test/algebra/1934.json,7b643a74f55c7b00961359ed42f0a4cd480ac30c659ea8684766ce0a25cbdc88,4Algebra,train
math500,322,test/algebra/1936.json,e1d46f9bb95a70c9d9bb8d21bc81462aab2ec7aa96b3fefcc2b8d7d04ed8e226,3Algebra,dev
math500,196,test/algebra/1937.json,a000963030b88d36ad4e0c3a3d61d8b2ed55b0c935b27345b3a8f466b03c2830,1Algebra,train
math500,407,test/algebra/1960.json,38993350f935ffbb34b1ab5280c85db2822fc222bf27f0e77ee5706de0c504dd,4Algebra,train
math500,91,test/algebra/2023.json,8d7fec65ac173921a8a8cb53c2139dd9ee75b7bfd44a02a33b5a8a0047638ad8,3Algebra,train
math500,8,test/algebra/2036.json,405930f05f5d02015e429dd4ac854c6706c0070d1b25b999f65ece9425861414,3Algebra,train
math500,435,test/algebra/2043.json,e1c3dbda0b82fac7964b53be582c60c079c9dc421842da65e22a5d42f405179a,5Algebra,train
math500,66,test/algebra/2046.json,47912a874d76fa3177142aefd14cdf8d01a1e9cdb8661fa62171351a356c9d43,3Algebra,train
math500,112,test/algebra/2058.json,b52c34d78488922665053ed208b8cb3de3211828f8319fb0877982cf723d46a4,4Algebra,train
math500,252,test/algebra/2064.json,a241333c1e1e2bfa8bd23c4f9504f41b118d4de4a85b45303a06152185255d8d,5Algebra,train
math500,440,test/algebra/2080.json,8cb79c2a7e630704ce0d17c43cb2752ae80be2f8a37fb02adaecc988841685e1,3Algebra,test
math500,212,test/algebra/2102.json,eeeb7282a1a9c932074e0907a80b1884b6694425de23ebb4da1850eecae36648,3Algebra,dev
math500,116,test/algebra/2157.json,ea83d9f2b43792866d63566aaf4f8cba29a7dc03463060dab761096265a1720e,2Algebra,train
math500,225,test/algebra/2159.json,3118689fb58d5e26debf0eb93e65bb518fa4edc714d771a16f34f326e121e996,3Algebra,train
math500,328,test/algebra/2176.json,cb4d2a62d72684a8a838d3738c7ce2c4e0b922cfcb9e70f13acb25d79e398627,5Algebra,dev
math500,23,test/algebra/2193.json,266d00c40247206d041455a550de5eb7620d3bde6914be9c6c9e5c4b89fbc878,5Algebra,train
math500,187,test/algebra/2199.json,9ba7141b6f34ed2fdc3b63fd27d180ff0dbf625fc1e002ee6bd7471fd8720228,1Algebra,test
math500,42,test/algebra/2214.json,826f5491b776387c734e84009249f4cbbcb928397fe85dcf988ab5b232651aac,2Algebra,dev
math500,125,test/algebra/2232.json,780683753f5fa14270ab2fa9f010d7126e8ff6857147fbc791b61b2c046d692d,4Algebra,test
math500,468,test/algebra/224.json,33e2479f789dc8d63760b4fba1e97db02620777e21306f1320ccd4c9fd9f9fd6,4Algebra,test
math500,117,test/algebra/2251.json,8970443cd6f4b118386c8cba73d2e4c78ca6f3b370af874697b8727a30bf6a11,2Algebra,dev
math500,73,test/algebra/2253.json,51062e34d42af0aa09711643abfa38f149156c47227f4616a008e3229f6e3746,4Algebra,train
math500,305,test/algebra/2257.json,729772f4dc7c39baf0c6560813535c14abd1e1467a36ba29bc3165d9bf24be97,4Algebra,test
math500,373,test/algebra/2264.json,4452aea403a490592d5a865c0b34930d2a0e4059d0e33b2ba73988530edd5e25,5Algebra,train
math500,391,test/algebra/2277.json,408382ac872e5e10fd33daec2318b64f0b0ba3124d18a12555266f13034d2157,5Algebra,train
math500,414,test/algebra/2391.json,d8a83725a01e82a37824d9cc72cdf571fd41b8524e789e507766e847316e120d,4Algebra,test
math500,38,test/algebra/24.json,6dea4c0452ced1cee16308f52c78fd6560cb650cd2a403b7cea1e49bcf4a354a,1Algebra,train
math500,24,test/algebra/2427.json,112ecc30ab94c5db432deffa6c78880219711e9d3ec7f6462498fd3a080d3827,5Algebra,train
math500,446,test/algebra/2430.json,5029063664c4d70cdafbb54d42c7fd620b48e462009af45f53f4d3bea70636c6,4Algebra,train
math500,131,test/algebra/246.json,c653846d163482c38c7a21280775fad4f7914199dee9b9bf6fd673f811945e9e,4Algebra,test
math500,472,test/algebra/2470.json,c453c55660130522a8a9a60643b5aca493632564786deccbf2718253ed378f3e,1Algebra,dev
math500,453,test/algebra/2476.json,935fa5424fdfa1b93950659f02a4946f278dcc82704e333b7d20edc0e9f7bcd8,2Algebra,train
math500,293,test/algebra/2486.json,717ca43bf9f9db30828940bb6f9e9f3ea0e03a2c29edefaf67f7b5ddfe1ffaa3,5Algebra,dev
math500,363,test/algebra/251.json,649b0f31387ba62ebfca09d5fffe98700f2aa21974a1cac7a12f29b626b2afb1,2Algebra,test
math500,163,test/algebra/2517.json,979d550dacba37da887dfa75e2052512c0913c5b40edd7c8733214de8f5fa849,5Algebra,dev
math500,270,test/algebra/2551.json,0d86cf55a8857f80661ec7ab056c25a507118fd5f6daa752bad3d162fb76aae3,1Algebra,train
math500,158,test/algebra/2570.json,ed4ac50802d5ae2380e9a9cf1b40d7173378cb20507198a7b3184e242d8e7d6b,4Algebra,train
math500,2,test/algebra/2584.json,5243d5ff20becc99d419c1cf9e5073352c5fce913e26e5728ec19c663047b451,3Algebra,train
math500,336,test/algebra/2592.json,0bfc593a6b0aae6994f7e3e58ed92f5d112687aba6d3db9a87ea034a25071002,1Algebra,train
math500,113,test/algebra/2593.json,34ef34f280d70caa6c4f1aa9fd3033c486e5c6511d67e1143e25c5087b2f2060,2Algebra,train
math500,242,test/algebra/2626.json,642674e37ffcd79ac59bf3c08d9afd5d1758c2284da050c27a5b2c9c39fdff3a,5Algebra,train
math500,413,test/algebra/2680.json,4ec5bbb89fdd3fb246eab44faefc5624e11790530af536962293131bde424e05,2Algebra,test
math500,82,test/algebra/2700.json,d2e82f79f022d733510d72b5a709bbc6124048b3c65a186509c5965c4a4ea93d,5Algebra,train
math500,318,test/algebra/2735.json,c9410fad8fb8cc360bc99296f1a782c642e8b0bb65ed7658a0c194abf66644d4,2Algebra,dev
math500,427,test/algebra/2743.json,1dde3a328c664c4b03a888d0e409ba1370c29c16b0a224e44d9401635ae72fed,2Algebra,train
math500,316,test/algebra/276.json,972cee03211bab85da43f2dfb27524d2cb61aba2ba76001aac4de5988a055f71,2Algebra,train
math500,493,test/algebra/2779.json,ee48cf229191703e62291f1818b961cff4d4744040ccc1b615ff539422e41f1f,5Algebra,dev
math500,459,test/algebra/2780.json,f2d81009f585a5fd6f9bd051ae7c532bc26bf40d3912502a174821c029947bce,5Algebra,train
math500,449,test/algebra/2789.json,5c8dec0c85d18fa1ce1f2a2251cdb8fc8dc40f10fb1002127039d6ae34c5de50,1Algebra,train
math500,202,test/algebra/291.json,66582c443822c2577f73801b2baf4ffb34c17b5ca0cb797f776fa4a082a4dc02,5Algebra,test
math500,170,test/algebra/297.json,8ed526f588f5ef5393c0270fb9ad8e033f7cd603af78e3676a36e1911fee75a6,5Algebra,train
math500,47,test/algebra/305.json,d1e303679534a965a7ed41e6243303bdbaac4a89eeda235eeb9c67b12c0eb9a9,5Algebra,dev
math500,275,test/algebra/346.json,72b3635c85284d7d1c4df0b96e8745ea3a1f931a92ff922f0b7bf99be29ca9a2,2Algebra,dev
math500,174,test/algebra/351.json,7d7e151fc8f117bb6aff77e50462c7efae9f37c2cdaaf8dd269d742ea09156ff,3Algebra,train
math500,319,test/algebra/425.json,650f254d5835391b5940dbc1403d4736a3442369a2f53c051383e544bd3f05c6,3Algebra,train
math500,469,test/algebra/435.json,0ae4c685aa47cd149e29e45c54df627240aa0ae5a382d6d337188a87581d09d5,3Algebra,test
math500,167,test/algebra/478.json,8cb96edfee2e24cf8fc5d9520d8e33b64f97711c68f86380c0ed68dba8dcdca5,1Algebra,train
math500,331,test/algebra/509.json,45cb4a1095a89b9f26480bd3f8c2a13b0321735abe78ec293d50d92fdc31d5a8,5Algebra,dev
math500,393,test/algebra/518.json,6ba79fa23b8e1ccf83ec13dbd91e9c471a66c7451d2e055b1bc8420a21830f35,3Algebra,test
math500,265,test/algebra/524.json,96d42651c854c080327f9bf51b98540a6cf5499fcf90a38bf5c390558115da6f,2Algebra,train
math500,354,test/algebra/529.json,1da8722b146cfd91a9e75ee1a6c8c9edeee580ba84afeaf0ae6bd705aacc28fb,4Algebra,dev
math500,87,test/algebra/567.json,d77dd5ad19df6d79e3dc22d668c2a309e3a8463b3399f8e66689686c80568b81,1Algebra,train
math500,159,test/algebra/621.json,d8d9fff620f6a2c850750178f29a32cc4752c6c325c4a80bbeb21031ab016d11,4Algebra,train
math500,290,test/algebra/634.json,f8139a1a0ca163df87e3379a244cbbd00ea46425b8cd0e2b6021656c6cc8f49b,3Algebra,dev
math500,128,test/algebra/661.json,8e7397fcc5415cff6b3331de45b6552c3debbbd93f5fe067d4e345c47d1c06a9,3Algebra,train
math500,443,test/algebra/668.json,776cd6fee6dfa75cb1ebe747eae0a1b1604f9adb7d19f681dddcae988bbfa23a,4Algebra,train
math500,173,test/algebra/686.json,cb64aa555df35ceb184cf0fe1d728796ed0288c28dea74530ddbc11da1e37678,5Algebra,train
math500,258,test/algebra/694.json,da618d7b9828f370762aaf4c6b3844824dcd1b4abe00f261575e666316ee89ab,3Algebra,dev
math500,58,test/algebra/722.json,d25ecacb24de7bce356f9c1c6abfcd5004150d19664267438fb5a3eda4024094,1Algebra,train
math500,188,test/algebra/733.json,126ac23f9fc93006b2a7e25eb06be215d299bbe524cd06795a55d3934578cf97,5Algebra,test
math500,56,test/algebra/769.json,4a5945c2d809c43a0233cbd663d919dddd8e27aa6305fb50fe4a39a47a8facaf,3Algebra,train
math500,417,test/algebra/776.json,900d6ae223d20cd1496ca05ec48139ed20939ae5c991fe8991c9367e2e81c8b5,5Algebra,train
math500,315,test/algebra/791.json,7a0d974a16cbb81ab1e67e23a5719365e1ec8d6099c9508dfe8fa9eaef6f05b9,4Algebra,train
math500,461,test/algebra/824.json,264388f9110ffd57e8688f548c7dabf91a01d7dad4fa0f192f7f0a93f62ea7e6,4Algebra,dev
math500,172,test/algebra/841.json,bd9a39f293607a3a5bffdc29ea213e6267ad9d4baa8196a760baf9f5c03bae21,1Algebra,train
math500,387,test/algebra/849.json,5484eee6881543c0dc88908e8f4deec1b922c9441d05910e71b3d674d2feff2e,1Algebra,dev
math500,390,test/algebra/853.json,e6663ebd641db5dc2c87d35ebf26c60016261eff801a0cbe08bf5a964be42681,5Algebra,test
math500,341,test/algebra/858.json,e129dbab09919cfd0673409f9a8be79eff9271fd2fada7a8daea777a1affbcc7,4Algebra,train
math500,218,test/algebra/864.json,ecf55cc645f863b774a04ad16af16d5c9e7ab49e48815bcaf4d81aaf70211762,2Algebra,train
math500,93,test/algebra/873.json,e46f967597809471c64371d50b4f8286269563b1dd2644763e4f96b86de13e51,4Algebra,train
math500,88,test/algebra/892.json,c6532a625f013711744acee801dfeb36a6f19310adeeb0a5e35cfb425fdbe5ba,5Algebra,train
math500,84,test/algebra/893.json,9bcba3fab01ca7e6c8de40a9a20f5c4f8f731882c66ebc8fb4b7d06343b4686a,4Algebra,dev
math500,215,test/algebra/907.json,4c1b478d97fb04304d865cfb4f696da31bb66ff9b3e13b4cb14bb14f2ef34783,4Algebra,train
math500,124,test/algebra/972.json,2374cb626a5140d9ebebb0796740f50fdd104b508b16d634052995e85471bc67,4Algebra,train
math500,238,test/algebra/975.json,66b766cb65ea5661f223fac44ff8a185fc2968f07fb35447ad558b6eb06bb78f,5Algebra,train
math500,148,test/algebra/988.json,fbd4bc7fd6f6d0ddca3866b88b8bcac09dcc3d1c88ca7634d058a6fea298fd79,1Algebra,test
math500,436,test/counting_and_probability/10.json,e87c7070fcc77b01c14a819d80387de1d8bc5320d5e6b3f9e909206922bc420a,4Counting & Probability,train
math500,475,test/counting_and_probability/1003.json,ac404e167619d488fcb166e14290a89f7de769157704340fa2adaa2172638131,5Counting & Probability,test
math500,254,test/counting_and_probability/1009.json,1de3b58fa28c582cca26f6b85768efaff4ff9dd51897761a5606d86add4657fe,5Counting & Probability,dev
math500,353,test/counting_and_probability/1014.json,1a604995e56277a949a98d483a520d1e93d27e6b642deecb8710a973a1970ffc,4Counting & Probability,train
math500,115,test/counting_and_probability/1060.json,9fb223d28e72c0d7f51e7d088bb874a12f3f3ee19461cf18593c39e1cfc25321,2Counting & Probability,test
math500,75,test/counting_and_probability/1114.json,a4d0050062cc87b8ee9735f9f07a2b4f9697f249318109f6bf8d79cafa0b3537,4Counting & Probability,train
math500,348,test/counting_and_probability/116.json,7d67c9097fd0e3958281bf55c9697028d237c328c5b0189606602536f002fea2,2Counting & Probability,dev
math500,34,test/counting_and_probability/119.json,56cb656dd924c8656c442fb07bba36f1c599edbb976b64340edd902cff72cbd8,4Counting & Probability,test
math500,32,test/counting_and_probability/134.json,bd52da4e54d519ff23ef7678ba89f3a806cd74d3749dd19b7e2dc28ff1e37015,4Counting & Probability,dev
math500,362,test/counting_and_probability/14.json,35ce7d90ba2726cb583c7b3062d7818ad0f16f3ab7a35a491d3be3287f3f396f,1Counting & Probability,train
math500,142,test/counting_and_probability/159.json,302b7d8470d3a840dea3af997ff80e1d0b32b97dad9c5d07b5777212c30662a0,5Counting & Probability,dev
math500,168,test/counting_and_probability/181.json,421810c6d81ad9d1a2231fbfef03434f5bb1e37bb97b3921d166fcd34d94a29d,5Counting & Probability,train
math500,381,test/counting_and_probability/188.json,eded0a59ecbdafceb783ef8ed2fbe76db251ced3f61bd8e3d7a19a0a5b469961,5Counting & Probability,train
math500,455,test/counting_and_probability/190.json,acff5a6cc3dfb332782c667d26df3dd298ecc855110901acf03ff1d2bc16f699,2Counting & Probability,train
math500,485,test/counting_and_probability/199.json,950803879062aef16c52bbc8f7b4ea6c56b85f98d0588a51410f7b6f90242001,2Counting & Probability,dev
math500,330,test/counting_and_probability/216.json,169982ae892ca54f290f6f08bfccd494af0382e44fc6cca715b31038948f4f09,5Counting & Probability,test
math500,153,test/counting_and_probability/230.json,856fcab114627633f8fb8c51fecbfc1875c781609f515000fabbcc9ef3724cea,4Counting & Probability,train
math500,349,test/counting_and_probability/238.json,b5ab14544d32268c1d7874200277fe182e1cb8d90abf67713c31149b20c30406,4Counting & Probability,test
math500,111,test/counting_and_probability/23957.json,04b908869cc9eef0e3f99256cc7ab744b158438ddea8035f89f5646ea10cd965,3Counting & Probability,train
math500,291,test/counting_and_probability/25149.json,14e8b473b8cd73f8c334ebfb488c40e9213bb3dd9533ff9543289ca9e4d6c982,4Counting & Probability,train
math500,219,test/counting_and_probability/282.json,ac2a335a5551fc270d7b827963cf0931826182244608bb7e2e6bea8c674e33ad,4Counting & Probability,train
math500,300,test/counting_and_probability/339.json,075339fde9a40a9ea30a7c0830dbc52f7a99ae8c52e0eb5ed1dff797c3d4bbad,4Counting & Probability,train
math500,92,test/counting_and_probability/377.json,827fbca46d47886e314dd19c970d9d4a2cf9e78584bd2591a62e222825697f1f,4Counting & Probability,train
math500,207,test/counting_and_probability/389.json,38210a7c167a6f46329ad3fe535378ebcba1d24c48af51d29d90b09fe81adcfe,2Counting & Probability,train
math500,138,test/counting_and_probability/430.json,a583e0784d2495e51561fb101cfa4d619e4d40d95c43d459f582402e333de160,4Counting & Probability,dev
math500,198,test/counting_and_probability/508.json,c6e53d40d2ced36354a625d4fd40d2fff76dab6ea2bad824d8d8f8529bf22122,3Counting & Probability,test
math500,190,test/counting_and_probability/51.json,9c595938e8f3b83186f5af75fd6a613cbd298a49b3581e702e7df6c9d94789e8,5Counting & Probability,train
math500,26,test/counting_and_probability/525.json,2f1a1b395061efdaab05437f7808927500678b428653b39c5cb24304b75c8ae3,5Counting & Probability,train
math500,29,test/counting_and_probability/666.json,b82e8c09f33a0852563b3f209bc3abfd788f3860a913e849a079793d18a4349b,2Counting & Probability,train
math500,226,test/counting_and_probability/71.json,88ea51b051e4c1d7e3cdd8428f90ec62d7ae979364bec0b05f214f73d6574966,3Counting & Probability,dev
math500,444,test/counting_and_probability/731.json,cc43563db88461a28f9833ea0609093ae4069927b4d7a98aa40e157b8e441289,5Counting & Probability,train
math500,343,test/counting_and_probability/737.json,6de74dc773136938e12773b8a8e0b6ae6b2ecfd37dcdc9d1c2913bd299e87abb,2Counting & Probability,train
math500,404,test/counting_and_probability/761.json,850430c4c3f2407a1f1b4e14feeefec151d913a8e628c5d7a47c42c21354704a,1Counting & Probability,dev
math500,214,test/counting_and_probability/765.json,db61809a09575ff7e7fca55d097e6abb5e1e29290188778cf2c9b624c7fee9e8,5Counting & Probability,dev
math500,155,test/counting_and_probability/803.json,73f4011f788d89bee15bcd4514f104fef6f1c375d3cf5e13d0525708d68f8766,4Counting & Probability,train
math500,323,test/counting_and_probability/870.json,a3aa18b6ca8c3e3c432e4868b61070874d59d5327e0852d5a224eaa7b6344a95,5Counting & Probability,train
math500,251,test/counting_and_probability/894.json,fa3f0bee899491dac50c95e9f91966e8a29e680ed585b92e8c802159ac6a0dbb,5Counting & Probability,train
math500,269,test/counting_and_probability/913.json,0b55ca1a91d2e518bd2f6915ecf17e40c1ce8553a19b3a3fe17728c31b47550b,3Counting & Probability,train
math500,368,test/geometry/106.json,4c7241296d83e6836b7de601b4201be0ad5cfcd5f1200d17204c36f5f5d64e02,2Geometry,dev
math500,299,test/geometry/1097.json,b1a3695065a5505019fa4212fc8267c06d1e00a5254326a89fec62ea35c67c2d,4Geometry,dev
math500,314,test/geometry/1108.json,70a9b804708f2f97bad67209022c404536cc7f97272a90e838663ed8df4f9717,2Geometry,dev
math500,129,test/geometry/1140.json,fd844b0bfddd16234ae10f5b15109b1e8caf4301043aa9f43dc63bc4af2b74bf,5Geometry,train
math500,152,test/geometry/172.json,11d5b7f2199d398bf665d06c12a041e2d301233a09b3a39e73cd62b0b9acc8b2,5Geometry,train
math500,45,test/geometry/178.json,03b94620fd670d25d6a9041accbb08e086544b018b58f4b13d59cee700d6ba01,3Geometry,train
math500,100,test/geometry/183.json,aa55bfee4ca0178b14e06fdb31010ba47034f74396c045a8b4643397adc1e1e1,5Geometry,train
math500,192,test/geometry/221.json,222a78d903bfaaa12355c1ade2f222818c3687ca5e56d9da12d579741e5262dd,3Geometry,train
math500,267,test/geometry/226.json,61f0d4d04817529be2ee1001ff755b908e516b4bad5f5fc412ae00dda511b961,1Geometry,dev
math500,239,test/geometry/229.json,887d831c2df2a751f4d6dbe27403a39f892f522768dd9b8803a34bfce994d64b,5Geometry,test
math500,13,test/geometry/248.json,62f44e9aba96f3d3bd1f4129542f66e7849e14c72c004b99beaad0b987bf1feb,2Geometry,test
math500,243,test/geometry/254.json,4c260ea86aeb0c37aa545dabcaafa519cd48192620aa5438ff7727133d3ed0d6,2Geometry,train
math500,123,test/geometry/283.json,00195266093aa9628d01c0d409e6805b99a5543774a9b04033426353fd0cff19,4Geometry,test
math500,261,test/geometry/347.json,efa291d51426f8e6c21aa93cc7a1f30a49bbde99030e4562adcfd5136b8fad3a,3Geometry,dev
math500,85,test/geometry/353.json,d714f2713352fd11932d31ebb658eec2b928c7d2fd2c23d8e00a7fc7d068d7ee,4Geometry,train
math500,18,test/geometry/434.json,0a9f4b84d504e6a6e0500864e7802f402210c0a3f31c6cdbf3b8fa6eddac9e45,1Geometry,train
math500,72,test/geometry/456.json,e4c6a4f2cf198e17f2c396163f6ad0bbbd80e9026ee1e74aa7d6359ef2b45195,2Geometry,train
math500,324,test/geometry/465.json,e4a9ddce8be2b5f73a8c23a47416ece600d821bf622462283b28b1401d58d329,4Geometry,train
math500,257,test/geometry/473.json,16bfecde5229809610e1cc6ccf844bed969dd299f14f337681bb1140c040e811,4Geometry,train
math500,486,test/geometry/477.json,1c7d74b1c10356640b318b53443bcb9f12eda2b1cd0194e461b222e863df25e7,3Geometry,train
math500,263,test/geometry/483.json,250730df9b928bb5ce8f36d71eacf060abe6f1fa6f14be3adb9f76cd07c07390,4Geometry,dev
math500,376,test/geometry/538.json,f8f71ff8894519ababa562b798c4e526d0574cd5d7c5248aa7c2790947b170b9,4Geometry,train
math500,222,test/geometry/547.json,e48bca6b6fc2e6b74060f7b65491eaee9369fa11c51d4a066764e7a77448b37e,4Geometry,train
math500,497,test/geometry/561.json,aaf333cb1fd6c4c47b01377a66fe9cd0a01206db52a72028daea736461ee17a1,5Geometry,dev
math500,499,test/geometry/615.json,0a9afed4dc56cde95370e95b238ab5b37a70b36b2dbf47492164a9b82f17515b,4Geometry,train
math500,41,test/geometry/627.json,ad212fe23676082fd823533a0bf50381929f97cbc1778d4982de8775147e02e5,4Geometry,test
math500,177,test/geometry/65.json,382a70860234155b2a5f6aa38641a2766304368f83b7c1ca1d332d2382d05ba8,3Geometry,train
math500,274,test/geometry/686.json,5a045315f5d54e5223787f1e3a7e0b8f6d6923bfaa2e0492179955ad2a8076c3,5Geometry,dev
math500,189,test/geometry/702.json,6e00bd022f71c5b4fc9c30f84993a04af227caa66cea6739927cbfbc335c1b8d,5Geometry,train
math500,308,test/geometry/711.json,79a0878b6d9fdd68bc2e0893526b8ef21086d1ba19ac59344352d3b6e357e944,5Geometry,train
math500,325,test/geometry/73.json,d34d06abace4f38e6c406f3a10a3c4c2e1dee38d80255a7b7fa4d0ab543fd84c,2Geometry,train
math500,389,test/geometry/795.json,276ba55d879553ab3325412d54d905e601bee29eabdf5b5499a8745e857fd68d,3Geometry,dev
math500,169,test/geometry/802.json,2de842b3bd2562a4d504bed30b088364fea0c4c7566093cbafac76bf203df5ed,2Geometry,train
math500,400,test/geometry/817.json,1d8ba839f12cab41d9d44be814bb2826ca3957a9a60e407c07ce8c625b4fcde2,5Geometry,train
math500,264,test/geometry/826.json,6f47e221e6ae991025d4c4b07246c34d3b2071f20b0542f75e2ceec174ba8630,5Geometry,dev
math500,426,test/geometry/843.json,f951c1b90de4920599ec1a8f4bcbbc0921b30505d8db48f46e369308f39b4a7d,3Geometry,test
math500,372,test/geometry/846.json,a7125e9aa700e498f27ded8a38cf1e0afa2aeafe647d4faf0a79b2b0fc137237,2Geometry,train
math500,154,test/geometry/880.json,0c3ffb9823e00cceec5a0381ad8a0e9f39232ed0da65ad53b3e6de1645d2c43c,5Geometry,train
math500,320,test/geometry/947.json,618cc50cc649677b647ca77352535e63512e510e352d7ea6156173da700ef86b,5Geometry,train
math500,303,test/geometry/965.json,c21339b0ca04c73fe1a1fcc3677a97c4519f2059c180b0fda771642245d1a824,5Geometry,test
math500,37,test/geometry/967.json,fe743e086b3fa16c28f149b537cbe445c0f54a891280a720127af99134237fba,3Geometry,train
math500,19,test/intermediate_algebra/1000.json,153b1655e4c95bd5a542f66bf7b105f9bdccbbd469d6b60b5637e6d2e5938b2d,3Intermediate Algebra,test
math500,484,test/intermediate_algebra/101.json,47277a84c0a0e9d924d49bd240cdee6c16b677219008d9d6a0ecb70c3ac9fd7a,3Intermediate Algebra,train
math500,429,test/intermediate_algebra/1014.json,b7078ff02963d3dfe7fd3a10ad50e95eeace5f7b1c9324c530de007efdb2a932,3Intermediate Algebra,test
math500,213,test/intermediate_algebra/102.json,f07a3af73137148d7bc20df0a791687d01c09245b1618be2fc0f525bda4b918f,4Intermediate Algebra,train
math500,126,test/intermediate_algebra/1063.json,3509b460810a844773f7eb8f296978ab8d0688fac081b026cf292ee220a42336,4Intermediate Algebra,dev
math500,456,test/intermediate_algebra/1102.json,1720deb296dddbd2eafd406a4fc25c70eaa07a8a42d2a486fdca83e0ee5f448f,1Intermediate Algebra,train
math500,382,test/intermediate_algebra/1111.json,c5d48bbca024f914eeafc13028eedc6ab904324a5341acfd355f5a613e454019,5Intermediate Algebra,train
math500,247,test/intermediate_algebra/1123.json,3ca13623091e1f917ff4660ab3324730c9179d1514dc175e546479bf4b6a9ab5,3Intermediate Algebra,train
math500,134,test/intermediate_algebra/1126.json,135f136200bca3783697260fd9ab12faa19db3e37866bf1c80d8f3893c6c1e33,4Intermediate Algebra,test
math500,139,test/intermediate_algebra/1151.json,bb08c501338c6eaf1a45df2c7f5f6e59237a05d42c4837781c7685e5637e4e4b,3Intermediate Algebra,train
math500,355,test/intermediate_algebra/1166.json,4c53e82b728a2fb7a73681f1bff83078c25980277a02327cacd9b9338d82d6bc,5Intermediate Algebra,train
math500,57,test/intermediate_algebra/1168.json,af0f25e0540973136ba76b22defd0153b34c6504e7f64fc31721644b1dc14fc3,2Intermediate Algebra,train
math500,327,test/intermediate_algebra/117.json,aaf8a1b344ab69201ca32f6402ccd5962b75997bd0b9c1cfcf300baad47281ee,5Intermediate Algebra,train
math500,11,test/intermediate_algebra/1197.json,d49df833a00b845d7c1ff6c288288eac7d3db17203ffac83bafe47ae978b6339,5Intermediate Algebra,train
math500,428,test/intermediate_algebra/121.json,a6a9d49629863a7448b5e3f506242af9dfc6f82d09f50d52bfb972bc1ccaba8e,4Intermediate Algebra,train
math500,245,test/intermediate_algebra/1210.json,e970f4d5735f75511769b8c3c19261897a29b53428e209d3ecae5f0d1d655ae1,4Intermediate Algebra,dev
math500,51,test/intermediate_algebra/1217.json,b32c73cd1f144ab9514ba6842dfac52ffc937ceb64dd67c210b0e696528cfcd3,2Intermediate Algebra,train
math500,496,test/intermediate_algebra/1232.json,0830738fa87ee240be490c029e648e10f53c04912cd0c56381910a15a9eef484,3Intermediate Algebra,test
math500,61,test/intermediate_algebra/1247.json,77904ca52278fea20d0a3c58921604204c4f75344ebbd9e0ed9d61972d6b3563,3Intermediate Algebra,dev
math500,478,test/intermediate_algebra/1279.json,53a4205391dce3589db150fde1c1dbeddb12973bf254bca0888a3e8008fba0c0,5Intermediate Algebra,train
math500,120,test/intermediate_algebra/128.json,8c524541b0e5a9d94759d9a0ddd5ea03bf7767419d9b986367c02623d12ccfdc,2Intermediate Algebra,dev
math500,289,test/intermediate_algebra/1300.json,4ddcea7d8aeca1138018129235b8d20684c911203b71f31ec5fd16f20abac93b,3Intermediate Algebra,train
math500,16,test/intermediate_algebra/134.json,59915b13391753d356b313453d553324d69cc1fb2670d700dfa1972836ca5376,1Intermediate Algebra,train
math500,490,test/intermediate_algebra/1350.json,908ac2e35bf2f84652ac0df7ae9bf66e522b555969d783583d194a95cea924b5,5Intermediate Algebra,train
math500,232,test/intermediate_algebra/1354.json,f5d0f5ae0152cd0acde78e067de2ff44f790b3948063c873861b3887f5bdc11c,5Intermediate Algebra,test
math500,489,test/intermediate_algebra/1365.json,7477ab10d91dc20dc710822696c966088dfe644d021fa4aac12592ee6288decd,3Intermediate Algebra,train
math500,25,test/intermediate_algebra/1388.json,4c7d62296c0a6fce1a362dfbfa1a2183b7ec7d64c88df48bb8efc726f6ab947c,5Intermediate Algebra,dev
math500,361,test/intermediate_algebra/1405.json,b0c14f0ccb71646f33782d03b72a6f75d3e4da030eb8e0930ebc524ab83d128f,4Intermediate Algebra,train
math500,359,test/intermediate_algebra/1407.json,740459060ea9e34a4aa5aee6faa7548a7854b444c5612e592e25da0ce8b3d795,4Intermediate Algebra,train
math500,145,test/intermediate_algebra/1408.json,42685a825e9da5fc8aafe70f830ccff38f883f578a435ea9938b3354a2dc129d,5Intermediate Algebra,train
math500,157,test/intermediate_algebra/1410.json,2f7b00ba00d338fba573006206123706d6e41eaa5f91ae01cd5f91e05883cd4c,2Intermediate Algebra,test
math500,285,test/intermediate_algebra/1411.json,ebb586005434d9ccdc2a9a268a0be51b67e15e8e3bd1d1a04b9a386b92a4ecb2,4Intermediate Algebra,train
math500,193,test/intermediate_algebra/1422.json,f64ff5331225ec2d6c97303866bd2c7210a2f03c5a7491f0995aee0649bb4b52,3Intermediate Algebra,train
math500,43,test/intermediate_algebra/1454.json,476f87ca38ca655100f822cf91f3a767e3323930b4413ec4d328d02718266559,5Intermediate Algebra,train
math500,432,test/intermediate_algebra/1462.json,f0aa9c0d768fe3032220830c1a5c1da51d423e65f6dab5dafa98cb22f7318762,5Intermediate Algebra,test
math500,481,test/intermediate_algebra/1467.json,c85ebab1fa1b2c1471ed99179fb629a779faa5240df00e9d8ce650eac4e1f377,5Intermediate Algebra,train
math500,259,test/intermediate_algebra/149.json,787dc4afc3d01e29a4d69e7ffd0f963be9088a4c2298e3dec6f9101c0627f1f1,1Intermediate Algebra,dev
math500,498,test/intermediate_algebra/1508.json,70a6c7605285567f1096c52866ff1e5bca09f5fbf6114d5433295dc5041e3fcd,5Intermediate Algebra,train
math500,204,test/intermediate_algebra/1510.json,5efc9ac1336d9a7d26823fcd5c8dbbea610c9e365f24a105a4a8c5fc87cbc93f,5Intermediate Algebra,test
math500,306,test/intermediate_algebra/1544.json,d65b880956c79a5b7bc748cf36d350d95f4918716932e07ced4604e620bfef92,5Intermediate Algebra,train
math500,203,test/intermediate_algebra/1555.json,d51cfa99f761db40bdabc20684579d923bae515e3e0520cc9762c519a5bf381a,3Intermediate Algebra,train
math500,339,test/intermediate_algebra/1566.json,184a7b663a45d43d957eca9afcc00bfc32cc1365021b34ddb82a815796b0cd6b,3Intermediate Algebra,dev
math500,344,test/intermediate_algebra/1572.json,dc2eba1aabd6499b0129bf62e13fd547315d9a6b79950170f37179e0d16c83ec,2Intermediate Algebra,train
math500,470,test/intermediate_algebra/158.json,71edd0cdb719379e633c39301905c300ae0f71c5fefaaa2b23f1a7099ac2aae3,5Intermediate Algebra,train
math500,312,test/intermediate_algebra/1714.json,b3ee9702deb008beeab5210d6b9304e79b2e60253711a6056b8c83b4b468b0c9,1Intermediate Algebra,train
math500,445,test/intermediate_algebra/1779.json,4836aa7c1e1097f486c3977732cd52bfb2d617665e77fe2eeb0d57f16155679a,4Intermediate Algebra,train
math500,394,test/intermediate_algebra/1791.json,1b68fdeacf196449b63f1beb6406336f7c4101ac3766098056e71979337fb047,5Intermediate Algebra,dev
math500,409,test/intermediate_algebra/1797.json,b0dc634203ea746fd772fbaca6cb8dfa5188be11e6e5791b7c4385d25d66fbf0,4Intermediate Algebra,test
math500,401,test/intermediate_algebra/1806.json,c7b6f61e1f127ebf2dec2acbf358686d8dd0598900e515f3629085ec835a30f9,5Intermediate Algebra,dev
math500,184,test/intermediate_algebra/183.json,bbde82291e1a3c3bf44e832b4dc02617f3c270b7de1d7bdab4c48f2c7fb461b3,5Intermediate Algebra,train
math500,234,test/intermediate_algebra/1837.json,eeb6a273b86c680f753eb844a7227f96982dc7ad4f930719fb34420077dc13d3,3Intermediate Algebra,dev
math500,80,test/intermediate_algebra/1849.json,2f59503bfa556823095b93eba3d9dc8c6eee822ca245e31268fac1c54a5fb012,5Intermediate Algebra,train
math500,114,test/intermediate_algebra/1898.json,d4f21b3f49c937e49c03a14b10109d75b70561db28a49643db648c1d88e794ee,3Intermediate Algebra,test
math500,332,test/intermediate_algebra/190.json,a730da95b4a75da65a9bd55e8b473f0511e238cb2ce1de1e2291f6760a3ecb4e,4Intermediate Algebra,train
math500,494,test/intermediate_algebra/1930.json,54b38c20709a31227a083f6ca3cec3538b7c0b6f9b9f8fe5e596567f0ae62ca7,5Intermediate Algebra,dev
math500,495,test/intermediate_algebra/1981.json,e7a2d0db0685010a8f5637ae55dd3948b582217f1bf29cefb9bb575417fe183f,4Intermediate Algebra,train
math500,439,test/intermediate_algebra/199.json,eb68110de12f3bb6bbbcd16f82d6dcee8e10bfb6984de4def7a8648e72f3feb2,3Intermediate Algebra,test
math500,380,test/intermediate_algebra/1992.json,24e27739e163dff902b63075bc515486604e636e5d0a8add58b911526f107f14,4Intermediate Algebra,train
math500,1,test/intermediate_algebra/1994.json,817b79b318abf011c0d708cdd1da03e67609de2df17f3edca41c137f167db7b1,5Intermediate Algebra,dev
math500,422,test/intermediate_algebra/2015.json,2b04c5e37d0dd5b09d25119a0a542c0c84f380fe030ccd381c5c385ef7a60de4,5Intermediate Algebra,train
math500,136,test/intermediate_algebra/2022.json,095a55cc21439baeab5118d5be56e380b54cdd61838d9a1b4f0b2a7cb3bd72ae,5Intermediate Algebra,train
math500,83,test/intermediate_algebra/2046.json,fabbf1b0fda35af71b55b60fe82dd98ef924c6e47f9a2aa7f7d3be93ae820f5e,2Intermediate Algebra,dev
math500,69,test/intermediate_algebra/207.json,cdcf01f90869aed8daef58a8d09f3b3477044a3a3ad6dbb6d661488c7dcd1638,4Intermediate Algebra,train
math500,412,test/intermediate_algebra/2146.json,9bc2bb593c07b21841848ca78b891b595376d57ca627b41e2bd3c6396fcfb6ff,4Intermediate Algebra,dev
math500,317,test/intermediate_algebra/2152.json,c0ad5b2b47a9a5bd0d1ea375045a82a1d279a61ad1f0effb45082b3a46da2f3a,5Intermediate Algebra,test
math500,194,test/intermediate_algebra/2196.json,8ae715145b4aa734775f5df022542e7366b756b5bf823c87d29e65ca19210663,5Intermediate Algebra,train
math500,118,test/intermediate_algebra/232.json,2494bc01ffc488a4aa62116087bbd97e1eaaec0bdc98f7f6c81ac3d49b1ccd3b,5Intermediate Algebra,dev
math500,63,test/intermediate_algebra/279.json,4cdc0a3b4472366150ffeba4ea23b25677afc594367a5eb41cfdd6566f7e3c88,5Intermediate Algebra,train
math500,237,test/intermediate_algebra/337.json,fbe476ea58beeec34c4210f2311ee96fe2991e03e34c75bfcf166b0ea6c4250b,1Intermediate Algebra,train
math500,110,test/intermediate_algebra/345.json,f52aa33e60d4a8c1ecab60a1f122ad2d8f1a00a58b351606aa12ffc20568e2a2,4Intermediate Algebra,train
math500,104,test/intermediate_algebra/362.json,7b4b4ddca834a53f86fd8b5514d71ec90c10df283284a392a99526189eeec62c,4Intermediate Algebra,test
math500,36,test/intermediate_algebra/428.json,c0cabcaa3a11fd7ee146a32fc322325daf00c89f52ed8bd859156581fe90f27e,2Intermediate Algebra,train
math500,102,test/intermediate_algebra/431.json,156da4cde69288776263e40fd762daa34b2d4a86bab0e49afddb5b0e11122938,1Intermediate Algebra,test
math500,304,test/intermediate_algebra/446.json,7a36a5402c6bdd59536266934c366e8a1919079a293aacc8a58cbf21c882000d,3Intermediate Algebra,train
math500,78,test/intermediate_algebra/47.json,4276b0da3efc0491fe29f5c95e76d510bf6bc01160e73a19393d4e5449a40826,4Intermediate Algebra,train
math500,106,test/intermediate_algebra/515.json,32e7c14bd57f8daa891808527d7d0e12a3c34571e956d7c6444197eea3a6bdef,2Intermediate Algebra,test
math500,103,test/intermediate_algebra/558.json,ea3f3263fd2a6c21da354e8761ac8b0d637d7e98deef9c05d59066ca9191a59a,5Intermediate Algebra,test
math500,101,test/intermediate_algebra/582.json,e5995915087655c4b26932983aee5c9f594a1a37cfae3b86fb121f4af39e7b21,5Intermediate Algebra,test
math500,195,test/intermediate_algebra/591.json,c16a47bc66a664cdb934a06f4349e3b2643daf7e0f956981b3fe66731d80cec9,4Intermediate Algebra,dev
math500,21,test/intermediate_algebra/607.json,b176cd6328ec1b409363007e98d721e52eb75efaef8bfdf83713c55576df529e,3Intermediate Algebra,train
math500,76,test/intermediate_algebra/623.json,8df0cfa37d833c62612a4ad50024be95b1bcdc76ceacd977c43bc8fd6b838d61,2Intermediate Algebra,train
math500,96,test/intermediate_algebra/662.json,e3e8a18cd5ce9dd65a7a72c86f40fd4ae48ec27cb61c0e01095ab3d5ef0a38af,5Intermediate Algebra,dev
math500,364,test/intermediate_algebra/690.json,e550f8ab1892789b5f0480e3a7bd2fb7ba99c16b698d084f6d5767c1a7f9f8b7,4Intermediate Algebra,train
math500,474,test/intermediate_algebra/752.json,3819fd4b83d7840e051e9238d48c781ed9474eb00c3c5299082594f8bd87806d,1Intermediate Algebra,test
math500,296,test/intermediate_algebra/754.json,80fe87c72834fec21cc1167d4d4a63bd1e8deec678b9c14a3ed6254894c977b3,2Intermediate Algebra,dev
math500,333,test/intermediate_algebra/776.json,b2f3c90d7363d91374fb302b5f021583c996c9b4cb9c43723473bd799a48f47e,4Intermediate Algebra,train
math500,464,test/intermediate_algebra/834.json,847307e31355afe72df4e83047835d73887dab7589ce99d146b67e354c76a4cc,3Intermediate Algebra,train
math500,358,test/intermediate_algebra/860.json,cc7eaec5abe0bca221e2c781921b2fea1021960da95939fc20a1054aa091e4f1,2Intermediate Algebra,train
math500,108,test/intermediate_algebra/894.json,1899d08e71f5836883654714739272192e46ccc12d23c2fb57897ccc2b330a33,3Intermediate Algebra,train
math500,292,test/intermediate_algebra/90.json,87b5c3831d7bc3f0f13e4d06cc23ed796ed3441aa9cd5d365f4c84bf88204a4f,4Intermediate Algebra,test
math500,371,test/intermediate_algebra/955.json,df9d0372eb479cbaf717602c62fa34e1719a11c3ca06fdaebda6ad61b82f4a5e,5Intermediate Algebra,train
math500,60,test/intermediate_algebra/956.json,98a297d14afd6d874160f3959ac9cb2aebbb7dbdb1eba97911f63c9e8563d476,5Intermediate Algebra,train
math500,286,test/intermediate_algebra/960.json,ddaa9337432d7801369b07df97564a10a4e2444e6c53bb5c44e9876053c02fe1,5Intermediate Algebra,train
math500,150,test/intermediate_algebra/964.json,75ec05901cc758fc94c8ea502fabe8f9a2608b0cc4f8e3a4f92d44534aa25c3f,5Intermediate Algebra,train
math500,147,test/intermediate_algebra/966.json,755d3f8b497323d67b5b947560f3ee19c1961503649cf3933ac0eef66ad571b3,5Intermediate Algebra,test
math500,230,test/intermediate_algebra/986.json,d33f525db349b790abe5b951e1690d5c06ded3f346156fc9ccb53eef1781996a,4Intermediate Algebra,test
math500,175,test/intermediate_algebra/991.json,92938087dfe52d84d32b32bad6af3c15a769766c8c509048cb4eb916f6e03603,2Intermediate Algebra,train
math500,448,test/number_theory/1000.json,1b6f405c4899b3d98b0fb913599db43eabe45e4bf8e1d639a3f7c7b3af8773d9,5Number Theory,test
math500,423,test/number_theory/1002.json,eefbb3fd76a92fa1536841bd796cc4855833adba69f9831ec1d1ab57c98b582e,5Number Theory,train
math500,10,test/number_theory/1032.json,e8e1900fd884d2631fdccb7933a59cc4e9d5fe814fc9512eedd65823b3371c03,3Number Theory,train
math500,50,test/number_theory/1055.json,d6fc23fc7c408f005f3b89ee187598b253cd5a7cc23a29e4fd763dabbddc6dbc,5Number Theory,train
math500,249,test/number_theory/1065.json,bcc4de54fc91990f5fde536f93b6d07f4e17f09df93580ccb8471aa811aa20a9,4Number Theory,train
math500,366,test/number_theory/109.json,8f5d2d2fc7a796005a52f7fd1c619225d86ee92cf2298988b7b56f772d7d944f,4Number Theory,train
math500,482,test/number_theory/1090.json,32f01a8e42b22afd41c1bdee48e5a1bbbc4ed13cb38740e91b1df5ef8b9464d3,5Number Theory,dev
math500,479,test/number_theory/1128.json,1aeb2517b3d2a5bd069376d4d89a804d9bbfd90b345daed1885391a1f1b9631a,5Number Theory,test
math500,297,test/number_theory/1172.json,0662ac62e7da0aae10222bbd1193c86ed015d6cbc5fc1ef613d0e69befaf4362,4Number Theory,dev
math500,377,test/number_theory/1185.json,15bb9cdfdb97e879cdf9027a36c36e7fdb18581c3057d754005c28a875966bb3,3Number Theory,test
math500,208,test/number_theory/1201.json,8acdf4167d19ce32bf54c02c319a3e439fb7ae42dae68313fe0fd7e2a562e090,3Number Theory,train
math500,137,test/number_theory/1257.json,403eaeba24c3d6cb7ad3708f5d23aa7d46fa51ac61720074779e7ab08d1c36ef,4Number Theory,test
math500,280,test/number_theory/1287.json,b7a2a292100b5c2801587d3b2a83e6bf81ba26d4c328c98c8a3799f4bf6d3349,4Number Theory,train
math500,450,test/number_theory/13.json,fbf8da740c33bd0a0a75563aa47ae30c61aebe62ba9510556a2353e5a5d1f023,5Number Theory,dev
math500,406,test/number_theory/132.json,78f1c1e409a924c4a44294eda9444f4902694b57a9f3a32038703bb927a5fc14,1Number Theory,train
math500,201,test/number_theory/149.json,bc710c0aeb7c8f3e2fa833fba5e4a9d3a903bb85fcb855a5e6e3377dc6fbb6e2,4Number Theory,train
math500,140,test/number_theory/156.json,ca3cc82d92aa7848ae77f246afd6aeea791e4e198b4bef4b7b50152adf1cb4c2,4Number Theory,train
math500,223,test/number_theory/183.json,74c6a351ea0d0c4513dd0359f619d9ec4af801aacf961e60593a0c3b288b6f9d,3Number Theory,test
math500,309,test/number_theory/203.json,16c5e4368be14f1f6fdc51b8cd1c703d93560a0aebbff3ed3304f87f31d1e803,3Number Theory,train
math500,477,test/number_theory/22.json,16d781eabbff414773a3f9ff8bbc255dac3b829c9ebf3c03b5d535c3113e6a7d,3Number Theory,train
math500,209,test/number_theory/234.json,25d9db806316bbb61e6d742c8343d67e1aa3f8c19fcb802f6a081d8cdb2b899d,2Number Theory,train
math500,487,test/number_theory/239.json,e27afed3b67a2d0d7775ce2a53d9687f432e0986efacaff2fcd8c079f536b54a,1Number Theory,test
math500,438,test/number_theory/255.json,177dbbe2e376273319d99394aecaf0b74fd1b838689a3bce78f7526af0a2697b,2Number Theory,train
math500,457,test/number_theory/342.json,77266d1bc2ea62ca19b04f970c5a6d4c8c62f5095f3eca461498e721f6625558,1Number Theory,train
math500,89,test/number_theory/357.json,d957aa541753d70add83842e4cf9ccb814c7310b4e26b26d9e52e36e664ad576,4Number Theory,train
math500,338,test/number_theory/368.json,16866e2cbb82acf4b24ddd0fd4864796026890ec242a9681785ac14ce6767b07,3Number Theory,dev
math500,433,test/number_theory/410.json,a4278a51053a85afb3222567acec94954ab3583d7deb98963d76e28bb7b09db2,2Number Theory,train
math500,217,test/number_theory/417.json,007ed1704119bfc648f567d30da777e8f1b1c50eacd02d060437ced80a7e2c6e,4Number Theory,test
math500,375,test/number_theory/427.json,8548c95ef2d1da1626c6ab45138d3a0c50f7642b1ae7b8a0847714046d7a8cc0,5Number Theory,test
math500,39,test/number_theory/45.json,a5170b30253f15c5d6d1f5829190aa9e9a1f97399221c6efa344c41846e27f60,3Number Theory,train
math500,451,test/number_theory/459.json,dfc5a6aa733f05d47220891b48971d57fd91113cb80c8abf11417e6f283185b4,3Number Theory,train
math500,70,test/number_theory/46.json,aad6cf2452fc4d0ead290ca93c6bb6eba279367e46ca8bbc01ab1580c8c999eb,2Number Theory,dev
math500,268,test/number_theory/466.json,3361f3cbc510857fd825ab86c85c61f3ec985a4aa2d0737667b458237e0f07ee,1Number Theory,dev
math500,335,test/number_theory/483.json,3e9aea0879c70da387a89c34b6f2e8d2280b690981c5786b9c9c211bb5954e7f,4Number Theory,dev
math500,294,test/number_theory/488.json,fcaebc86d520ca8eaf7a09eca96523294873cd676da410658145155b1758ed7a,4Number Theory,train
math500,6,test/number_theory/515.json,a6a8a4f81ad2b34eef71de63a6529a429d67a39364f767a0ca5e3f0d178fb802,3Number Theory,test
math500,71,test/number_theory/516.json,551c5a221eca0bbbbdcd61b57cc11134c17a6eedfe1fe686fde7fd983f347fce,4Number Theory,train
math500,160,test/number_theory/521.json,033ef98d480ab71c96da46d0b1586c8006be5493819c00e4b209f261ffebb3e5,2Number Theory,test
math500,272,test/number_theory/533.json,83e39391d205d5e7a8d9fd35cc6df995cb9bde4e08b2e2c152d61c1ab28dbc89,4Number Theory,test
math500,3,test/number_theory/572.json,79a1b177dbab8163603b6095cda7289b0fb8f498731dcf740a9bfe8614ffa480,3Number Theory,dev
math500,176,test/number_theory/598.json,80db12978bb807466a4b82591db0a0013ef4087dc6384c063d4482d4ed7107e3,3Number Theory,train
math500,141,test/number_theory/612.json,6bc383f7cd9265df14d706c1d4ff2a7292e2fbb5afac43a35f01e8bd88dfafad,1Number Theory,train
math500,35,test/number_theory/627.json,15e83690cb3e73cc1b6622c25df40ce900cc7b53376366f811cfacf1cdd1e937,2Number Theory,train
math500,287,test/number_theory/631.json,ad0345d1978306704f12b652ed294ee5ab94c20fd82b08e4a5766cdd19abc6b9,5Number Theory,train
math500,271,test/number_theory/634.json,eb30eb2a8b0157fe41b3c68865257d854cc62843f8c6e58654c50176589e1ce3,4Number Theory,dev
math500,462,test/number_theory/679.json,e41b172ed9c998e94fca208fe66a3ee3f52097d367e7af3b4e31fc20543c630a,2Number Theory,test
math500,350,test/number_theory/686.json,60c3ad41812f1def16a6c6e8cab00c4405faac4b5d5b30d1e27711e8e2f0da9c,2Number Theory,dev
math500,278,test/number_theory/691.json,3dc86ccc7e8d7769ddd0d8726fe9b85a76d4b2b51a8a16f6389265eb31979932,3Number Theory,train
math500,465,test/number_theory/72.json,001ae27edb24eb25f4508c71825c7b4141e154d942e7f7b28f81463ecfdec444,4Number Theory,test
math500,12,test/number_theory/737.json,403f3e6063204ee644894fde90c90ceb45b41b4acd559a2980fc86c1142058fa,5Number Theory,train
math500,130,test/number_theory/753.json,b90f60662c75dfd302600b366a33a24ae87bcb2d6df2c490fd1160c1e7a66faf,4Number Theory,train
math500,415,test/number_theory/769.json,3321841b3c89fbd68738135cd73559648bdf772c95596879751e662de55bf855,5Number Theory,train
math500,365,test/number_theory/820.json,a5ef1929a7ee902b3c726c4711e6c8ed0fcef9a7cd313a5ca6855f72d533ea86,5Number Theory,train
math500,197,test/number_theory/838.json,2939c750029656e3d294c281273015aec2758777989914f9d92d6cd60fed94ed,5Number Theory,train
math500,127,test/number_theory/847.json,b8df0a32739df294b50f5f0d522b38b9b1f6678e0afd8619725d1c2317b13549,3Number Theory,train
math500,30,test/number_theory/864.json,d6e8471186600b11ca777d6dfaaef6c7bab59440e00be25013c88dc3ae1b7319,3Number Theory,train
math500,221,test/number_theory/89.json,ac5bb7c79d58b3d059b1ff395bf4820eaf4023209dacde27278f77f280058a51,3Number Theory,test
math500,311,test/number_theory/911.json,fc1602dd0d06ff32c94d022636b2c91a368671afb9028ecb799074bacc77f5f0,4Number Theory,train
math500,107,test/number_theory/914.json,4a7ee0ca9f43c042c2c66abc0d7513a402a065684a4f6bf4019a7219ea96dc31,2Number Theory,train
math500,403,test/number_theory/928.json,5fcdb4ab8b8342884c2843ed1a7cff95e9ce19c0466816cb28d8c339674a4391,4Number Theory,test
math500,149,test/number_theory/931.json,9af952f6e9b3917d638e927ad2676ca868a3a26ca87086d0d251f525de147433,2Number Theory,train
math500,186,test/number_theory/978.json,ffcf31e2a56c7c6a01e52830ae96054a6fc9b2c126c0686a30ab7f3d84b4e579,4Number Theory,train
math500,166,test/prealgebra/1003.json,611ceddf4ae3abbd2be7acc98448ecca1defa693cad7a8e03eef266d1a4d2faa,5Prealgebra,dev
math500,301,test/prealgebra/1044.json,2045133afc8c20e91afc172062c7b0fbab1de4784291d39783435d7f3c08ec14,5Prealgebra,test
math500,97,test/prealgebra/105.json,c7318da8e9ac454d21e50f999aef787876e58d164c8c9e02967f32d4bcc852e0,1Prealgebra,train
math500,178,test/prealgebra/1113.json,0604d8ac9f130eefe168fb37d6503984e9ed3f01bab4d7eeb8d90f2d615d9c86,2Prealgebra,train
math500,467,test/prealgebra/1114.json,1ccdf0b15441adbcdb4485a838ba900d41c7f2fd7893202484106cead379c167,2Prealgebra,train
math500,491,test/prealgebra/1128.json,a4a743bf3568658712c70f576bbecc119dce2d1b5d8981e7c4af18478e087afc,5Prealgebra,train
math500,9,test/prealgebra/1139.json,fc30d2135347852eb01a6f07590044646aaffb38ed1d4b6116333da6ef38612c,5Prealgebra,train
math500,369,test/prealgebra/1187.json,60183c6e1e78e912f4f4325f56948a0283104b55f3a8bdf0f13d67a24bd33101,2Prealgebra,train
math500,488,test/prealgebra/1203.json,ce296124429e3fbce28a1569ec859610ec26245b3cfd97c65a1e5b820c1d69bf,5Prealgebra,train
math500,411,test/prealgebra/1227.json,01581b3cf01d39417f98e5b1e6f5634bf8d3844614d47adfdd035ff5bff940ba,3Prealgebra,test
math500,67,test/prealgebra/1233.json,9a6d3620fbb9a4246079562ce4044704374484626d1bb30189848f638f547815,4Prealgebra,test
math500,342,test/prealgebra/1238.json,214c1f762581e517f05f48abf5de5af27e8b7abb1464d84e75ad7377933a8170,3Prealgebra,train
math500,59,test/prealgebra/1247.json,03ee0367bb01c008a6212d06e15f4175ac6976cfebf1f66c5b0f79d68e20ee0f,2Prealgebra,train
math500,244,test/prealgebra/1251.json,3ea0a891ecbeafc5acd38f8bec7ca2c2882ec989e24308ca43eb89442ec68d9a,5Prealgebra,train
math500,476,test/prealgebra/1252.json,53f36eedd00a7ce5b47421a808bc00db1d891c8106ad130ffd576c119b76c5f6,2Prealgebra,dev
math500,171,test/prealgebra/1272.json,e549ba5472d92f5022d932579be865b9c072980bb493697ed8351b3810301ac6,1Prealgebra,train
math500,135,test/prealgebra/1297.json,66716bde8d2488d10d6303feff1f292d07e2a4c5075d609197a05bcc9ee2d60d,5Prealgebra,train
math500,384,test/prealgebra/1298.json,33c9832dac9b88857c35980cd127e3a38dc1615deb349d82c97a3844db85a29c,2Prealgebra,train
math500,31,test/prealgebra/1302.json,ed8163075aad247c6f2c44412ca038de4c93880f182638572894dd26dafe7eb6,4Prealgebra,dev
math500,262,test/prealgebra/1317.json,f06b95965776bafdbf4b6655711c44af2aa3e60c5d17f75f7a021e6baf75dec6,1Prealgebra,dev
math500,357,test/prealgebra/1353.json,a62f67c7ee7df0ca2c9332ecb94561783650b9583d9bfe219785443c339a39f2,5Prealgebra,dev
math500,165,test/prealgebra/1356.json,2b658ecdbfd4e0ab482adee070bdb069937bd3d3a5fdfa53f643582014067b77,4Prealgebra,train
math500,49,test/prealgebra/1388.json,e4779ea05e7cbeb78699b9c88c43f3dd7c38d1ed44e2e52486a5b7ba123b8401,4Prealgebra,train
math500,313,test/prealgebra/1423.json,0f5b0cbb5fe9eff2331bb7ff641498b9b4291a9cb4b1fac41a40c2e88dfc9b63,5Prealgebra,test
math500,216,test/prealgebra/1436.json,f5a168cbebe9d6d2766ceb2e2da9d8c6728c8307f46ecb5391507e7e3daad5e5,4Prealgebra,train
math500,253,test/prealgebra/1458.json,223a6386b3e670f3d1a3304ce3cc6bf876b4cafa1f5fb18dcdd5f6eb3c11484a,3Prealgebra,dev
math500,279,test/prealgebra/1512.json,4e4cab1fbcafb428e0591c7e1d5b384427a2464298862182784d4475fad57579,5Prealgebra,train
math500,235,test/prealgebra/153.json,ecc5e595d69b05e459833985c212f0d4acb1e07769d78427a7f52fb91b68f3d2,4Prealgebra,train
math500,211,test/prealgebra/1555.json,4cc1beb7e01355b8c9c180f96ab49c13403c9351ed9dabf4559d9a2de5b6e25b,2Prealgebra,dev
math500,44,test/prealgebra/1558.json,e568c1a53149aee287a83fbd36c26cf4a9938425efd3034dd5515c0cfbb866e5,5Prealgebra,train
math500,405,test/prealgebra/1572.json,8134779b791a1c516195d9e817f5ce43723dcd53c6731bdf6f6836a90a9e15ca,4Prealgebra,train
math500,5,test/prealgebra/1622.json,bb684c32862b63c8a189d499f9fffde580eb5b0b15d8c5b2886e5f707b88b144,2Prealgebra,train
math500,434,test/prealgebra/1640.json,0402a76b2977ff087ab437a15b24eeaa129ba088cbb4a17ee53b9807b16b5a41,5Prealgebra,test
math500,94,test/prealgebra/1646.json,d4f066a9f41de5f3cea5c53384ee6ddaede37484ead049c00c6e6a926ca3def1,5Prealgebra,train
math500,162,test/prealgebra/1655.json,7b135d3f345efeeb0ce6c18c110546073ad3b644d10a4fbe31ef19642caf9549,5Prealgebra,test
math500,132,test/prealgebra/1686.json,46b0db93f17560c910e8c826f2b25f2d4cbaa0767a1400d34e615293bd678fc6,3Prealgebra,train
math500,337,test/prealgebra/1730.json,4dad94fcb6ba7d86463ed1b301c2f9fd2fc29a6f95b174859c1011c45e327467,3Prealgebra,test
math500,119,test/prealgebra/1733.json,10a8e93ea6fac167ab6166771f24705b7fef7580245814ac8b6060f424378ed7,3Prealgebra,test
math500,266,test/prealgebra/1742.json,60fccff6e46dab22f0689ff204fe9f00c9165c5fce7b11c40d96eeebce467f33,3Prealgebra,train
math500,378,test/prealgebra/1743.json,9d4af0939e69e72ebfba684c3eeac7698d33c68b12bf77777d3d8b16ad624157,3Prealgebra,train
math500,65,test/prealgebra/1747.json,10da27679a87f5ca26399f8ddeab404f98daea484cda6f48c9cb1df1335552bc,1Prealgebra,test
math500,90,test/prealgebra/1761.json,67c7586209b808f6c4af67a1c64dfd475f39b5c09652c43ecf16718e065c0918,3Prealgebra,dev
math500,399,test/prealgebra/1784.json,20f88d46e81ba24b3e92225c7d140aebc2631733515238d60656a32e75ae9cc7,2Prealgebra,train
math500,283,test/prealgebra/1787.json,e5ff374d21ba9a39dc7e615a82e9a611d7e983d837d9ac7e58a790902804042a,3Prealgebra,train
math500,105,test/prealgebra/1804.json,f0995bff0d3f4326e41b14c8f8b8b72b407fb07779c577902b1c051cfc526238,3Prealgebra,train
math500,133,test/prealgebra/1807.json,63a0ffecf281826c2ce02c342c9c76490002963889b0943deef68d5ec4dd5a59,3Prealgebra,train
math500,277,test/prealgebra/1834.json,3cfc5e53128f99f41a9d5ecd4b852f798e0d1a1693ca1abeedad71fd53cbc404,4Prealgebra,train
math500,27,test/prealgebra/1840.json,73245878d203f232ba13d1a2b16378d0669a0c3093c8c0ca030b7870b4ea6a41,2Prealgebra,train
math500,379,test/prealgebra/1865.json,af5664ec798a07dcc85d985e92a36bc9a97edaa123eb8bfffc05528acd7912a3,4Prealgebra,dev
math500,199,test/prealgebra/1907.json,0280fc1b1577a9e55517a7f0b678d00c81d0252212c2067eeb985e94d307ee24,2Prealgebra,test
math500,180,test/prealgebra/1908.json,a76218714f8ac659fead462127ac76b1e91baf196a638300aaab7a322208145d,3Prealgebra,train
math500,79,test/prealgebra/192.json,fdaa745e531bf803438e60bb4d638bc28073b0645b301574b6e83b29b7599b6b,1Prealgebra,train
math500,182,test/prealgebra/1922.json,d29d0c70031622baa0d0c82c0a51dc9ff0f5354919ae7f4284f144f1fd4cf61e,2Prealgebra,test
math500,98,test/prealgebra/1924.json,6f7aff577f46a4e173e65295264a417a9d9a8b53bb08421f6fe313fb78677137,2Prealgebra,dev
math500,473,test/prealgebra/1930.json,753096739501269936d74ee2cdfb58b779cbfaaba6ddaf35a32203b35ae12684,5Prealgebra,train
math500,220,test/prealgebra/1961.json,d02842ac8cd49341541ece8f7ffb14d149a5625fba4e675ea58d757ad230896a,5Prealgebra,test
math500,329,test/prealgebra/1973.json,d23f7fa67997ba2a2eb5db810b78b8ccbc091ec6dbd8cb50f826f71f6520879b,4Prealgebra,test
math500,398,test/prealgebra/1991.json,00c0a6a146fc7e93a8360d0ab2e2eb2993a43a4b8f92fafa79b4678922288f19,4Prealgebra,train
math500,256,test/prealgebra/1995.json,2a397609c1668a2eab7f350a740cf94503d3cf83752575c5a86d873ac7167496,3Prealgebra,test
math500,430,test/prealgebra/2019.json,a7dfd2dc49cff53536787abe0da35a5fc592bc54786ff827b9de2181b66a0bd1,2Prealgebra,dev
math500,441,test/prealgebra/2037.json,2ac34cda72d206df25e9e3a96f14dfb5372488d9b76d99fd2b8ddefa28f9c675,4Prealgebra,train
math500,229,test/prealgebra/2057.json,0657ff0701cc09a73f96066078adfb19fbe5f62df894911ae3dbe07c9436c38c,4Prealgebra,train
math500,385,test/prealgebra/2066.json,957dc6fa800900022f9de5389af6755705d560e16cb53a5b90c47ae5e307e284,5Prealgebra,dev
math500,200,test/prealgebra/2086.json,2489550e8a65bc2f2da60aa6d2c8bf8634f7c20dbd9cfeb19675ea7f5ef6893b,4Prealgebra,test
math500,281,test/prealgebra/260.json,6326f14cb4b80cb683220bc8236de15c3f65632b7bbd7f859d43077e794eff9c,4Prealgebra,train
math500,86,test/prealgebra/307.json,667cc632b34bb89667e753fe1597f977dbf7dd51aaceca2e867640962bd73f7f,1Prealgebra,dev
math500,210,test/prealgebra/378.json,be6f72f60ea0573262656128210f6fbc3aaeb9beec675f8e3a486cdbd8e47c15,4Prealgebra,dev
math500,302,test/prealgebra/465.json,4367c5166ed03d0dd6e04f91de43d1dba6528404867508a33357d99e5ad3a8d3,4Prealgebra,test
math500,121,test/prealgebra/505.json,15febd2c57f342edd6124f9111c435df4bfc2d73a996841444394fb7bcf9bacb,2Prealgebra,test
math500,54,test/prealgebra/572.json,24f0e7ba35ebfac01caffb2e681452560f3b4c547871973370030d2420929c50,2Prealgebra,test
math500,396,test/prealgebra/631.json,d6f14bdd54426f1efd5f6188f2804ef85d2b8ef248d748e918f599a774ebbf7d,3Prealgebra,train
math500,410,test/prealgebra/65.json,29f89a51ab3bbad07de02f0cee18fbcd6c4ea580c4b489d58ebb8a78c3b685c0,2Prealgebra,train
math500,458,test/prealgebra/805.json,28d1a26fe329f3cf61d3c7e386e818d7b5a26d70de3b6f6a1541e2aef4cd25dd,3Prealgebra,train
math500,471,test/prealgebra/846.json,c1aee453af52c65c06a164deac6d1188b0312e2352c3a5c8ce625931d4610108,3Prealgebra,dev
math500,240,test/prealgebra/874.json,5fd7995da5fed1826c9a89a634fd53dcb47f1a3669a8a476a122652931c5f9f6,4Prealgebra,dev
math500,460,test/prealgebra/914.json,58b841ab8fdd75807178b6164e735823865f86df0baa6a0304423f4b0513a990,4Prealgebra,train
math500,40,test/prealgebra/930.json,e29dbda7f4b48f5623acbf7af53f3a28eebabeb088b3874ca7ecd5eef83f76c5,2Prealgebra,train
math500,52,test/prealgebra/951.json,0f1f95a272e2ca97eed5374cb310d04b66c8db07603d46c341a3b5c17bd94e63,5Prealgebra,train
math500,321,test/prealgebra/954.json,5e9793f4047bffc94157ae70534e8bbf18fe2cae5c781f52616667d9e1d4bf21,5Prealgebra,train
math500,397,test/prealgebra/977.json,d40b13852a40b90bfff4173e2537581c77a22abc892d190313428fdb52393cb3,2Prealgebra,train
math500,273,test/prealgebra/993.json,6a39e17d973394e1b1bc684208a78a4316419b862a315032a74d0336c82d3b14,4Prealgebra,train
math500,447,test/prealgebra/996.json,9837fe05322ba91b2d9cf9672fbce0b3abb2fd22c5b05bbc0a7ec56730a94b37,1Prealgebra,train
math500,228,test/precalculus/1056.json,61510594fd3679399df755174be166e9b0a05222ce22172428884a50619f61aa,4Precalculus,train
math500,483,test/precalculus/1082.json,8cfb8f216ea8256d210d11b5f635376c377033263d05cbd3910756b4ee3adb60,3Precalculus,dev
math500,53,test/precalculus/1105.json,80e52b5b635ae399e2bef75475204d98e519f638ad791a725eb2217beb5440f6,2Precalculus,dev
math500,425,test/precalculus/1133.json,36d113b683d0192752dc3986fb5841ac5f5de95c44b5af89d4d6f8da3a81c0c3,5Precalculus,test
math500,64,test/precalculus/1146.json,d1de34a21c3b58a245893252f34df1dde206585372f52112255100b950891919,4Precalculus,train
math500,156,test/precalculus/117.json,fa242c83e12e7b244ab6ea4ee8d596b39adbbb7f472b051468c9145616e79aeb,3Precalculus,dev
math500,288,test/precalculus/1172.json,ba588d9e2743d88ddb1a6f0a8eeab912a3388ef0c7a85a76ecafb1be4b774703,5Precalculus,dev
math500,17,test/precalculus/1199.json,0f3e89c9e2db884c832f128f21ab73a390b05357974044ff46bef7c937a76e84,4Precalculus,test
math500,295,test/precalculus/1201.json,7dd52a99c1d1693414bf3020615e6edacdedf8e19c279d4b35e9506e650375f0,3Precalculus,train
math500,421,test/precalculus/1202.json,fdee960f7ad02806a8537f26570a0662c9daf4978ae694d66fbf949e38799789,5Precalculus,test
math500,480,test/precalculus/1252.json,dd53d3b6669f9ae985243cde15fcc42c8745d0ad567366f9d564d11356320916,2Precalculus,train
math500,352,test/precalculus/1281.json,7bc5ccb8a91153d706b07d5be3ca057b3ffd4bd54a69e4f38e7e85122276b25a,4Precalculus,train
math500,370,test/precalculus/1289.json,7ac65f396c25ae4ac2026486b1ec0345e07dbbde5c467204b748e627262528d6,1Precalculus,train
math500,402,test/precalculus/1291.json,14c07daab6ff460350b35a3c5ca1e34e58312256158b54f9c50b7352ab44ea09,3Precalculus,train
math500,99,test/precalculus/1300.json,a1ce63b2b480a4da9f53086a60dba3dd198675f6ca0aa1006f592697d778ec23,3Precalculus,train
math500,14,test/precalculus/1303.json,6084e17b0af018a13b2a3b25f06cdb8392c3bc145c7c676cf50e1fe275c81359,1Precalculus,train
math500,68,test/precalculus/1313.json,c23452b2169d42b30dcc67f37ca944431bca0c94792ae1bd5e72766f969d38d5,4Precalculus,dev
math500,419,test/precalculus/145.json,740fd64f043a9bb5b3ce6fd10aa793551573aded07a84f15c1ef35aef3ef0d15,4Precalculus,dev
math500,224,test/precalculus/190.json,bf06b12965983f39de90071b20830e0d9111e581661304f0aa7da54286395d1d,4Precalculus,test
math500,74,test/precalculus/24313.json,28ad384f1ae79b94fdcbba9aae65101e83577bfaafb8c079656ef826f53a2452,2Precalculus,train
math500,205,test/precalculus/263.json,11b3b70000518bd4da247a8701e34b9fe7e2151a4555ff48e745ba70d2d4c3d6,3Precalculus,train
math500,46,test/precalculus/285.json,7c2cefa254f684b5224046d900e119f1d0e673bdffe8301f4fa3b1ee1a6e5da8,2Precalculus,dev
math500,454,test/precalculus/323.json,f7cfb62cf1a025366ab2d1090625bc9e8667f6f41990664f9de04ac6abf2ab74,5Precalculus,train
math500,95,test/precalculus/34.json,22ec34c918f59075e9f4c14f67515cffba68578f3605f273098b4d2dcfdfdf32,2Precalculus,dev
math500,492,test/precalculus/356.json,dba6364366f14968457ae596baa2eaba8dd23c4d6b913ea44ef45ff2d9248519,3Precalculus,train
math500,408,test/precalculus/398.json,d4f2e36e7d75dd16500ff646cddec3c39df27100c254776f0f70ff619726d70e,5Precalculus,dev
math500,144,test/precalculus/43.json,71da3375dc27d5f235b81866fe5a22d90d83509af812712a9219cf3878fe0c25,1Precalculus,dev
math500,109,test/precalculus/44.json,94a907b52755646e9abd79a573f64317f5669b179223d07d3455d784792fcfab,5Precalculus,dev
math500,233,test/precalculus/441.json,e6a3f62b1df6ca87431f94232f0e5648a1f4bdd9dd11cec6f8ee7293fcce7fc6,2Precalculus,train
math500,255,test/precalculus/452.json,5bfbf6162403e0b9dcbc05c4db56517b009cf7f45b9dda9307977df8cfb9b850,2Precalculus,test
math500,143,test/precalculus/477.json,1d562acb2d96e0ae514d50c2e21b0cdc22b5283742e9b864e05ff4615eb7823e,3Precalculus,test
math500,431,test/precalculus/499.json,458292249213fad289a10fc593443fc7fe6fceccb5aa73a2bf7e9dffbfb8626d,4Precalculus,dev
math500,206,test/precalculus/541.json,dd4cc3170bcf81825ab5e9c3c7acbfa352363a61b3af81771261b8ef34905b65,2Precalculus,train
math500,260,test/precalculus/580.json,cb5ce996257e2d380a21b610493963e5254f1ab0bb5342dae4009042da85e3cd,3Precalculus,train
math500,420,test/precalculus/625.json,9c8f97a376833509d7da14b8ecf5d2033869a6d11cff7152d64ea925cf566015,3Precalculus,train
math500,179,test/precalculus/659.json,8181ea1becf4687a2146a4441f528e0ddd7fad2085660645028d0e778c3ad43a,4Precalculus,train
math500,62,test/precalculus/675.json,603fd90c421d06993c9b707ef676ae20853f1f4c1415d5426a37d4013f3730e5,5Precalculus,train
math500,416,test/precalculus/681.json,4eaf496fe3693e8c5f89f0b3bad756ed3c92c9754b202656ccb3cf090369a2a7,3Precalculus,dev
math500,307,test/precalculus/695.json,69abdf36002ba092babcf4eeb6ff23d7cc51a5775052d56296882c07c440620d,2Precalculus,test
math500,164,test/precalculus/697.json,e5a3936868cb2693e2de019e59b7a84fe4031f4ab5ba1d9c309876364e5cf62f,2Precalculus,train
math500,466,test/precalculus/703.json,f682dc44d8af86993f70afd5709bd9ba6dc2e4c59a7d2cedd8546bc0ff66b940,5Precalculus,train
math500,326,test/precalculus/742.json,68322e90b82f5a091441dc88c4e312c68222cf3a01dd528263e61891f0f5fd4f,2Precalculus,train
math500,284,test/precalculus/768.json,5381a8c845718f5183f342f42cf0e26cd7e79f7a12b106521f60dbd970001471,5Precalculus,train
math500,28,test/precalculus/779.json,cfa3e796825bfee46642a8a6fec2d9744591a2cb370bf57d53c57a7a628c999b,2Precalculus,train
math500,340,test/precalculus/801.json,812b1e3c2006d6ffd1d4afe91b25c1c7aae574b544ed3aaced4c789671294ad3,3Precalculus,train
math500,0,test/precalculus/807.json,beef388aec48e6c410c9fe9b05e31df89139c4c7f5ea82ad588e66a8627eda94,2Precalculus,train
math500,227,test/precalculus/819.json,4e99b0965659f0a3b189b5456d31bb35d4e2d8d9bd40c236b71305d3260bbf2e,3Precalculus,test
math500,351,test/precalculus/826.json,37dfc69464cc7288a742d5e8996d39e1c4e0f7d550b3fb6105f06f92955b8df4,3Precalculus,train
math500,298,test/precalculus/881.json,3de08ec2aa64732e4a0b8313e1a28744c4bc0ded87946f12e8c953cbdf6530f6,4Precalculus,train
math500,392,test/precalculus/902.json,454bc67a1ab1ace85472ae09ec60f713a5d41f376a06ba907fc63f2fa726869a,5Precalculus,train
math500,248,test/precalculus/920.json,706a997bf3c8ed7d61ab6e6c556435440d34817dcb359c68718782fe2168bf25,4Precalculus,train
math500,7,test/precalculus/927.json,f8d0c703bfee886fa7c7c18df97f01c60a0c78314fd496425ef2a61d30ab0876,4Precalculus,train
math500,360,test/precalculus/96.json,d72a2e844ddae03f1f1503a6c93837e94172e3815014ff4b2061f7baee2c8379,3Precalculus,test
math500,151,test/precalculus/986.json,1edcbc2c444d36fba1399091990c2646f1cb3ee99e9a52d43bcd0216d9f8cf1d,5Precalculus,train
math500,236,test/precalculus/989.json,ff2bc8eb327221e75472fcbb6a98aadfc3134a02f08ecd10b7c94afa6452ef42,4Precalculus,train
math500,15,test/precalculus/990.json,98dc29ce496cc2ce96834b150613553502d7726104859d1e8a0d222fc46447e6,5Precalculus,train
