config_id,family,label,n_problems,overall_accuracy,avg_main_tokens,avg_probe_calls,avg_probe_output_tokens,avg_total_generated_tokens,stop_coverage,false_stop_rate,correct_stop_rate,no_stop_rate,correct_to_wrong_truncation,wrong_to_correct_recovery_truncated,overthinking_avoided,wall_clock,prefill_cost_estimate
vanilla,vanilla,Vanilla (full generation),500,0.812,2274.688,17.478,174.78000000000003,2449.4680000000003,0.0,,,1.0,0,0,0,,
hard_cap_512,hard_cap,Hard cap 512 tok,500,0.316,507.536,3.954,39.54,547.076,0.966,0.7080745341614907,0.2919254658385093,0.03400000000000003,4,249,133,,
hard_cap_1024,hard_cap,Hard cap 1024 tok,500,0.478,991.138,7.714,77.14,1068.278,0.928,0.5581896551724138,0.4418103448275862,0.07199999999999995,3,169,185,,
hard_cap_1536,hard_cap,Hard cap 1536 tok,500,0.616,1436.174,11.108,111.08000000000001,1547.254,0.784,0.48469387755102045,0.5153061224489796,0.21599999999999997,2,102,163,,
hard_cap_2048,hard_cap,Hard cap 2048 tok,500,0.696,1786.436,13.754,137.54,1923.9759999999999,0.59,0.5016949152542373,0.49830508474576274,0.41000000000000003,1,63,124,,
hard_cap_3072,hard_cap,Hard cap 3072 tok,500,0.802,2274.688,17.478,174.78000000000003,2449.4680000000003,0.382,0.4869109947643979,0.5130890052356021,0.618,1,10,0,,
consec_p3_mt0_cert1,consecutive,"3-consecutive, min_tok=0, certain=True",500,0.676,1175.372,9.14,91.4,1266.7720000000002,0.832,0.3076923076923077,0.6923076923076923,0.16800000000000004,2,73,261,,
consec_p3_mt0_cert0,consecutive,"3-consecutive, min_tok=0, certain=False",500,0.64,1019.308,7.932,79.32000000000001,1098.628,0.892,0.36322869955156956,0.6367713004484304,0.10799999999999998,3,92,261,,
consec_p3_mt512_cert1,consecutive,"3-consecutive, min_tok=512, certain=True",500,0.704,1257.714,9.774,97.74,1355.454,0.8,0.27749999999999997,0.7225,0.19999999999999996,2,58,272,,
consec_p3_mt512_cert0,consecutive,"3-consecutive, min_tok=512, certain=False",500,0.672,1100.638,8.56,85.60000000000001,1186.2379999999998,0.864,0.3310185185185185,0.6689814814814815,0.136,3,75,276,,
consec_p3_mt1024_cert1,consecutive,"3-consecutive, min_tok=1024, certain=True",500,0.746,1491.878,11.582,115.82000000000001,1607.6979999999999,0.746,0.22520107238605902,0.774798927613941,0.254,2,36,264,,
consec_p3_mt1024_cert0,consecutive,"3-consecutive, min_tok=1024, certain=False",500,0.718,1361.332,10.576,105.76,1467.092,0.81,0.28395061728395066,0.7160493827160493,0.18999999999999995,3,51,265,,
consec_p3_mt2048_cert1,consecutive,"3-consecutive, min_tok=2048, certain=True",500,0.79,1987.756,15.314,153.14,2140.896,0.442,0.2262443438914027,0.7737556561085973,0.558,1,11,143,,
consec_p3_mt2048_cert0,consecutive,"3-consecutive, min_tok=2048, certain=False",500,0.788,1934.508,14.898,148.98,2083.488,0.49,0.28163265306122454,0.7183673469387755,0.51,1,13,150,,
consec_p4_mt0_cert1,consecutive,"4-consecutive, min_tok=0, certain=True",500,0.764,1454.274,11.288,112.88,1567.154,0.732,0.17759562841530052,0.8224043715846995,0.268,2,27,277,,
consec_p4_mt0_cert0,consecutive,"4-consecutive, min_tok=0, certain=False",500,0.722,1301.488,10.118,101.18,1402.6680000000001,0.804,0.2512437810945274,0.7487562189054726,0.19599999999999995,2,48,281,,
consec_p4_mt512_cert1,consecutive,"4-consecutive, min_tok=512, certain=True",500,0.764,1454.274,11.288,112.88,1567.154,0.732,0.17759562841530052,0.8224043715846995,0.268,2,27,277,,
consec_p4_mt512_cert0,consecutive,"4-consecutive, min_tok=512, certain=False",500,0.722,1301.488,10.118,101.18,1402.6680000000001,0.804,0.2512437810945274,0.7487562189054726,0.19599999999999995,2,48,281,,
consec_p4_mt1024_cert1,consecutive,"4-consecutive, min_tok=1024, certain=True",500,0.782,1613.974,12.516,125.16,1739.134,0.688,0.15116279069767447,0.8488372093023255,0.31200000000000006,2,17,263,,
consec_p4_mt1024_cert0,consecutive,"4-consecutive, min_tok=1024, certain=False",500,0.75,1481.04,11.502,115.02000000000001,1596.06,0.762,0.2230971128608924,0.7769028871391076,0.238,2,33,269,,
consec_p4_mt2048_cert1,consecutive,"4-consecutive, min_tok=2048, certain=True",500,0.804,2027.09,15.61,156.1,2183.19,0.396,0.1515151515151515,0.8484848484848485,0.604,1,4,139,,
consec_p4_mt2048_cert0,consecutive,"4-consecutive, min_tok=2048, certain=False",500,0.798,1971.904,15.184,151.84,2123.744,0.444,0.21621621621621623,0.7837837837837838,0.556,1,7,148,,
consec_p5_mt0_cert1,consecutive,"5-consecutive, min_tok=0, certain=True",500,0.782,1613.32,12.514,125.13999999999999,1738.46,0.674,0.1483679525222552,0.8516320474777448,0.32599999999999996,0,19,250,,
consec_p5_mt0_cert0,consecutive,"5-consecutive, min_tok=0, certain=False",500,0.75,1459.178,11.33,113.3,1572.478,0.748,0.21122994652406413,0.7887700534759359,0.252,1,34,264,,
consec_p5_mt512_cert1,consecutive,"5-consecutive, min_tok=512, certain=True",500,0.782,1613.32,12.514,125.13999999999999,1738.46,0.674,0.1483679525222552,0.8516320474777448,0.32599999999999996,0,19,250,,
consec_p5_mt512_cert0,consecutive,"5-consecutive, min_tok=512, certain=False",500,0.75,1459.178,11.33,113.3,1572.478,0.748,0.21122994652406413,0.7887700534759359,0.252,1,34,264,,
consec_p5_mt1024_cert1,consecutive,"5-consecutive, min_tok=1024, certain=True",500,0.792,1709.066,13.25,132.5,1841.566,0.646,0.12693498452012386,0.8730650154798761,0.354,0,13,240,,
consec_p5_mt1024_cert0,consecutive,"5-consecutive, min_tok=1024, certain=False",500,0.768,1571.152,12.192,121.92,1693.0720000000001,0.72,0.18888888888888888,0.8111111111111111,0.28,1,24,254,,
consec_p5_mt2048_cert1,consecutive,"5-consecutive, min_tok=2048, certain=True",500,0.808,2048.714,15.778,157.78,2206.494,0.372,0.13440860215053763,0.8655913978494624,0.628,0,3,129,,
consec_p5_mt2048_cert0,consecutive,"5-consecutive, min_tok=2048, certain=False",500,0.802,1994.538,15.358,153.58,2148.118,0.418,0.1866028708133971,0.8133971291866029,0.5820000000000001,1,5,140,,
consec_p6_mt0_cert1,consecutive,"6-consecutive, min_tok=0, certain=True",500,0.798,1744.358,13.518,135.18,1879.538,0.606,0.1089108910891089,0.8910891089108911,0.394,0,10,223,,
consec_p6_mt0_cert0,consecutive,"6-consecutive, min_tok=0, certain=False",500,0.778,1601.066,12.412,124.12,1725.1860000000001,0.682,0.1671554252199413,0.8328445747800587,0.31799999999999995,1,19,246,,
consec_p6_mt512_cert1,consecutive,"6-consecutive, min_tok=512, certain=True",500,0.798,1744.358,13.518,135.18,1879.538,0.606,0.1089108910891089,0.8910891089108911,0.394,0,10,223,,
consec_p6_mt512_cert0,consecutive,"6-consecutive, min_tok=512, certain=False",500,0.778,1601.066,12.412,124.12,1725.1860000000001,0.682,0.1671554252199413,0.8328445747800587,0.31799999999999995,1,19,246,,
consec_p6_mt1024_cert1,consecutive,"6-consecutive, min_tok=1024, certain=True",500,0.802,1795.5,13.912,139.12,1934.62,0.59,0.09491525423728808,0.9050847457627119,0.41000000000000003,0,8,217,,
consec_p6_mt1024_cert0,consecutive,"6-consecutive, min_tok=1024, certain=False",500,0.788,1664.4,12.902,129.01999999999998,1793.42,0.666,0.1501501501501501,0.8498498498498499,0.33399999999999996,1,14,240,,
consec_p6_mt2048_cert1,consecutive,"6-consecutive, min_tok=2048, certain=True",500,0.812,2075.948,15.988,159.88,2235.828,0.338,0.08875739644970415,0.9112426035502958,0.6619999999999999,0,1,124,,
consec_p6_mt2048_cert0,consecutive,"6-consecutive, min_tok=2048, certain=False",500,0.808,2020.67,15.56,155.6,2176.27,0.392,0.14795918367346939,0.8520408163265306,0.608,0,3,135,,
consec_p8_mt0_cert1,consecutive,"8-consecutive, min_tok=0, certain=True",500,0.81,1934.952,14.962,149.62,2084.572,0.478,0.07112970711297073,0.9288702928870293,0.522,0,3,177,,
consec_p8_mt0_cert0,consecutive,"8-consecutive, min_tok=0, certain=False",500,0.8,1806.324,13.976,139.76000000000002,1946.084,0.568,0.13028169014084512,0.8697183098591549,0.43200000000000005,0,9,206,,
consec_p8_mt512_cert1,consecutive,"8-consecutive, min_tok=512, certain=True",500,0.81,1934.952,14.962,149.62,2084.572,0.478,0.07112970711297073,0.9288702928870293,0.522,0,3,177,,
consec_p8_mt512_cert0,consecutive,"8-consecutive, min_tok=512, certain=False",500,0.8,1806.324,13.976,139.76000000000002,1946.084,0.568,0.13028169014084512,0.8697183098591549,0.43200000000000005,0,9,206,,
consec_p8_mt1024_cert1,consecutive,"8-consecutive, min_tok=1024, certain=True",500,0.81,1934.952,14.962,149.62,2084.572,0.478,0.07112970711297073,0.9288702928870293,0.522,0,3,177,,
consec_p8_mt1024_cert0,consecutive,"8-consecutive, min_tok=1024, certain=False",500,0.8,1806.324,13.976,139.76000000000002,1946.084,0.568,0.13028169014084512,0.8697183098591549,0.43200000000000005,0,9,206,,
consec_p8_mt2048_cert1,consecutive,"8-consecutive, min_tok=2048, certain=True",500,0.814,2114.842,16.288,162.88,2277.722,0.3,0.06666666666666665,0.9333333333333333,0.7,0,0,103,,
consec_p8_mt2048_cert0,consecutive,"8-consecutive, min_tok=2048, certain=False",500,0.812,2059.506,15.858,158.58,2218.086,0.346,0.12138728323699421,0.8786127167630058,0.654,0,1,120,,
window_w3_s0.6_mv3_mt0,window_share,"window=3, share>=0.6, min_valid=3, min_tok=0",500,0.458,635.34,4.946,49.459999999999994,684.8000000000001,0.944,0.5572033898305084,0.4427966101694915,0.05600000000000005,4,180,189,,
window_w3_s0.6_mv3_mt512,window_share,"window=3, share>=0.6, min_valid=3, min_tok=512",500,0.494,734.484,5.714,57.14,791.624,0.92,0.5326086956521738,0.4673913043478261,0.07999999999999996,10,156,206,,
window_w3_s0.6_mv5_mt0,window_share,"window=3, share>=0.6, min_valid=5, min_tok=0",500,0.812,2274.688,17.478,174.78000000000003,2449.4680000000003,0.0,,,1.0,0,0,0,,
window_w3_s0.6_mv5_mt512,window_share,"window=3, share>=0.6, min_valid=5, min_tok=512",500,0.812,2274.688,17.478,174.78000000000003,2449.4680000000003,0.0,,,1.0,0,0,0,,
window_w3_s0.6_mv8_mt0,window_share,"window=3, share>=0.6, min_valid=8, min_tok=0",500,0.812,2274.688,17.478,174.78000000000003,2449.4680000000003,0.0,,,1.0,0,0,0,,
window_w3_s0.6_mv8_mt512,window_share,"window=3, share>=0.6, min_valid=8, min_tok=512",500,0.812,2274.688,17.478,174.78000000000003,2449.4680000000003,0.0,,,1.0,0,0,0,,
window_w3_s0.8_mv3_mt0,window_share,"window=3, share>=0.8, min_valid=3, min_tok=0",500,0.64,1019.308,7.932,79.32000000000001,1098.628,0.892,0.36322869955156956,0.6367713004484304,0.10799999999999998,3,92,261,,
window_w3_s0.8_mv3_mt512,window_share,"window=3, share>=0.8, min_valid=3, min_tok=512",500,0.672,1100.638,8.56,85.60000000000001,1186.2379999999998,0.864,0.3310185185185185,0.6689814814814815,0.136,3,75,276,,
window_w3_s0.8_mv5_mt0,window_share,"window=3, share>=0.8, min_valid=5, min_tok=0",500,0.812,2274.688,17.478,174.78000000000003,2449.4680000000003,0.0,,,1.0,0,0,0,,
window_w3_s0.8_mv5_mt512,window_share,"window=3, share>=0.8, min_valid=5, min_tok=512",500,0.812,2274.688,17.478,174.78000000000003,2449.4680000000003,0.0,,,1.0,0,0,0,,
window_w3_s0.8_mv8_mt0,window_share,"window=3, share>=0.8, min_valid=8, min_tok=0",500,0.812,2274.688,17.478,174.78000000000003,2449.4680000000003,0.0,,,1.0,0,0,0,,
window_w3_s0.8_mv8_mt512,window_share,"window=3, share>=0.8, min_valid=8, min_tok=512",500,0.812,2274.688,17.478,174.78000000000003,2449.4680000000003,0.0,,,1.0,0,0,0,,
window_w3_s1.0_mv3_mt0,window_share,"window=3, share>=1.0, min_valid=3, min_tok=0",500,0.64,1019.308,7.932,79.32000000000001,1098.628,0.892,0.36322869955156956,0.6367713004484304,0.10799999999999998,3,92,261,,
window_w3_s1.0_mv3_mt512,window_share,"window=3, share>=1.0, min_valid=3, min_tok=512",500,0.672,1100.638,8.56,85.60000000000001,1186.2379999999998,0.864,0.3310185185185185,0.6689814814814815,0.136,3,75,276,,
window_w3_s1.0_mv5_mt0,window_share,"window=3, share>=1.0, min_valid=5, min_tok=0",500,0.812,2274.688,17.478,174.78000000000003,2449.4680000000003,0.0,,,1.0,0,0,0,,
window_w3_s1.0_mv5_mt512,window_share,"window=3, share>=1.0, min_valid=5, min_tok=512",500,0.812,2274.688,17.478,174.78000000000003,2449.4680000000003,0.0,,,1.0,0,0,0,,
window_w3_s1.0_mv8_mt0,window_share,"window=3, share>=1.0, min_valid=8, min_tok=0",500,0.812,2274.688,17.478,174.78000000000003,2449.4680000000003,0.0,,,1.0,0,0,0,,
window_w3_s1.0_mv8_mt512,window_share,"window=3, share>=1.0, min_valid=8, min_tok=512",500,0.812,2274.688,17.478,174.78000000000003,2449.4680000000003,0.0,,,1.0,0,0,0,,
window_w5_s0.6_mv3_mt0,window_share,"window=5, share>=0.6, min_valid=3, min_tok=0",500,0.498,710.12,5.53,55.300000000000004,765.42,0.946,0.5137420718816068,0.48625792811839325,0.05400000000000005,2,162,208,,
window_w5_s0.6_mv3_mt512,window_share,"window=5, share>=0.6, min_valid=3, min_tok=512",500,0.568,857.408,6.672,66.72,924.128,0.916,0.4519650655021834,0.5480349344978166,0.08399999999999996,3,127,240,,
window_w5_s0.6_mv5_mt0,window_share,"window=5, share>=0.6, min_valid=5, min_tok=0",500,0.586,946.762,7.36,73.60000000000001,1020.362,0.884,0.4411764705882353,0.5588235294117647,0.11599999999999999,2,119,242,,
window_w5_s0.6_mv5_mt512,window_share,"window=5, share>=0.6, min_valid=5, min_tok=512",500,0.586,946.762,7.36,73.60000000000001,1020.362,0.884,0.4411764705882353,0.5588235294117647,0.11599999999999999,2,119,242,,
window_w5_s0.6_mv8_mt0,window_share,"window=5, share>=0.6, min_valid=8, min_tok=0",500,0.812,2274.688,17.478,174.78000000000003,2449.4680000000003,0.0,,,1.0,0,0,0,,
window_w5_s0.6_mv8_mt512,window_share,"window=5, share>=0.6, min_valid=8, min_tok=512",500,0.812,2274.688,17.478,174.78000000000003,2449.4680000000003,0.0,,,1.0,0,0,0,,
window_w5_s0.8_mv3_mt0,window_share,"window=5, share>=0.8, min_valid=3, min_tok=0",500,0.656,1107.9,8.624,86.24000000000001,1194.14,0.87,0.33563218390804594,0.664367816091954,0.13,1,84,264,,
window_w5_s0.8_mv3_mt512,window_share,"window=5, share>=0.8, min_valid=3, min_tok=512",500,0.682,1185.488,9.224,92.24000000000001,1277.728,0.844,0.30805687203791465,0.6919431279620853,0.15600000000000003,1,71,277,,
window_w5_s0.8_mv5_mt0,window_share,"window=5, share>=0.8, min_valid=5, min_tok=0",500,0.684,1224.892,9.526,95.25999999999999,1320.152,0.828,0.3091787439613527,0.6908212560386473,0.17200000000000004,1,69,275,,
window_w5_s0.8_mv5_mt512,window_share,"window=5, share>=0.8, min_valid=5, min_tok=512",500,0.684,1224.892,9.526,95.25999999999999,1320.152,0.828,0.3091787439613527,0.6908212560386473,0.17200000000000004,1,69,275,,
window_w5_s0.8_mv8_mt0,window_share,"window=5, share>=0.8, min_valid=8, min_tok=0",500,0.812,2274.688,17.478,174.78000000000003,2449.4680000000003,0.0,,,1.0,0,0,0,,
window_w5_s0.8_mv8_mt512,window_share,"window=5, share>=0.8, min_valid=8, min_tok=512",500,0.812,2274.688,17.478,174.78000000000003,2449.4680000000003,0.0,,,1.0,0,0,0,,
window_w5_s1.0_mv3_mt0,window_share,"window=5, share>=1.0, min_valid=3, min_tok=0",500,0.706,1300.9,10.11,101.1,1402.0,0.798,0.2656641604010025,0.7343358395989975,0.20199999999999996,1,58,249,,
window_w5_s1.0_mv3_mt512,window_share,"window=5, share>=1.0, min_valid=3, min_tok=512",500,0.74,1407.5,10.934,109.33999999999999,1516.84,0.766,0.22193211488250653,0.7780678851174935,0.23399999999999999,1,40,264,,
window_w5_s1.0_mv5_mt0,window_share,"window=5, share>=1.0, min_valid=5, min_tok=0",500,0.75,1459.178,11.33,113.3,1572.478,0.748,0.21122994652406413,0.7887700534759359,0.252,1,34,264,,
window_w5_s1.0_mv5_mt512,window_share,"window=5, share>=1.0, min_valid=5, min_tok=512",500,0.75,1459.178,11.33,113.3,1572.478,0.748,0.21122994652406413,0.7887700534759359,0.252,1,34,264,,
window_w5_s1.0_mv8_mt0,window_share,"window=5, share>=1.0, min_valid=8, min_tok=0",500,0.812,2274.688,17.478,174.78000000000003,2449.4680000000003,0.0,,,1.0,0,0,0,,
window_w5_s1.0_mv8_mt512,window_share,"window=5, share>=1.0, min_valid=8, min_tok=512",500,0.812,2274.688,17.478,174.78000000000003,2449.4680000000003,0.0,,,1.0,0,0,0,,
window_w8_s0.6_mv3_mt0,window_share,"window=8, share>=0.6, min_valid=3, min_tok=0",500,0.532,818.47,6.372,63.72,882.19,0.92,0.47608695652173916,0.5239130434782608,0.07999999999999996,1,145,209,,
window_w8_s0.6_mv3_mt512,window_share,"window=8, share>=0.6, min_valid=3, min_tok=512",500,0.622,1008.454,7.842,78.42,1086.874,0.878,0.39179954441913445,0.6082004555808656,0.122,2,100,245,,
window_w8_s0.6_mv5_mt0,window_share,"window=8, share>=0.6, min_valid=5, min_tok=0",500,0.628,1086.5,8.444,84.44000000000001,1170.94,0.852,0.3896713615023474,0.6103286384976526,0.14800000000000002,2,97,244,,
window_w8_s0.6_mv5_mt512,window_share,"window=8, share>=0.6, min_valid=5, min_tok=512",500,0.628,1086.5,8.444,84.44000000000001,1170.94,0.852,0.3896713615023474,0.6103286384976526,0.14800000000000002,2,97,244,,
window_w8_s0.6_mv8_mt0,window_share,"window=8, share>=0.6, min_valid=8, min_tok=0",500,0.718,1417.628,11.01,110.1,1527.7279999999998,0.792,0.2777777777777778,0.7222222222222222,0.20799999999999996,2,52,252,,
window_w8_s0.6_mv8_mt512,window_share,"window=8, share>=0.6, min_valid=8, min_tok=512",500,0.718,1417.628,11.01,110.1,1527.7279999999998,0.792,0.2777777777777778,0.7222222222222222,0.20799999999999996,2,52,252,,
window_w8_s0.8_mv3_mt0,window_share,"window=8, share>=0.8, min_valid=3, min_tok=0",500,0.706,1372.138,10.65,106.5,1478.638,0.758,0.27176781002638517,0.7282321899736148,0.242,1,58,228,,
window_w8_s0.8_mv3_mt512,window_share,"window=8, share>=0.8, min_valid=3, min_tok=512",500,0.732,1462.204,11.346,113.46000000000001,1575.664,0.73,0.23835616438356166,0.7616438356164383,0.27,1,45,238,,
window_w8_s0.8_mv5_mt0,window_share,"window=8, share>=0.8, min_valid=5, min_tok=0",500,0.736,1501.97,11.65,116.5,1618.47,0.712,0.2359550561797753,0.7640449438202247,0.28800000000000003,1,42,236,,
window_w8_s0.8_mv5_mt512,window_share,"window=8, share>=0.8, min_valid=5, min_tok=512",500,0.736,1501.97,11.65,116.5,1618.47,0.712,0.2359550561797753,0.7640449438202247,0.28800000000000003,1,42,236,,
window_w8_s0.8_mv8_mt0,window_share,"window=8, share>=0.8, min_valid=8, min_tok=0",500,0.78,1684.826,13.054,130.54,1815.366,0.658,0.17325227963525835,0.8267477203647416,0.34199999999999997,1,18,227,,
window_w8_s0.8_mv8_mt512,window_share,"window=8, share>=0.8, min_valid=8, min_tok=512",500,0.78,1684.826,13.054,130.54,1815.366,0.658,0.17325227963525835,0.8267477203647416,0.34199999999999997,1,18,227,,
window_w8_s1.0_mv3_mt0,window_share,"window=8, share>=1.0, min_valid=3, min_tok=0",500,0.738,1509.964,11.692,116.92,1626.884,0.666,0.23723723723723722,0.7627627627627628,0.33399999999999996,0,43,208,,
window_w8_s1.0_mv3_mt512,window_share,"window=8, share>=1.0, min_valid=3, min_tok=512",500,0.772,1638.48,12.684,126.83999999999999,1765.32,0.626,0.1821086261980831,0.8178913738019169,0.374,0,25,217,,
window_w8_s1.0_mv5_mt0,window_share,"window=8, share>=1.0, min_valid=5, min_tok=0",500,0.782,1698.89,13.148,131.48,1830.3700000000001,0.602,0.16279069767441856,0.8372093023255814,0.398,0,19,216,,
window_w8_s1.0_mv5_mt512,window_share,"window=8, share>=1.0, min_valid=5, min_tok=512",500,0.782,1698.89,13.148,131.48,1830.3700000000001,0.602,0.16279069767441856,0.8372093023255814,0.398,0,19,216,,
window_w8_s1.0_mv8_mt0,window_share,"window=8, share>=1.0, min_valid=8, min_tok=0",500,0.8,1806.324,13.976,139.76000000000002,1946.084,0.568,0.13028169014084512,0.8697183098591549,0.43200000000000005,0,9,206,,
window_w8_s1.0_mv8_mt512,window_share,"window=8, share>=1.0, min_valid=8, min_tok=512",500,0.8,1806.324,13.976,139.76000000000002,1946.084,0.568,0.13028169014084512,0.8697183098591549,0.43200000000000005,0,9,206,,
window_validity_none,window_share,"window=5, share>=0.8, min_valid=5, min_tok=512, validity=none",500,0.684,1224.892,9.526,95.25999999999999,1320.152,0.828,0.3091787439613527,0.6908212560386473,0.17200000000000004,1,69,275,,
window_validity_nonempty_and_nonletter,window_share,"window=5, share>=0.8, min_valid=5, min_tok=512, validity=nonempty_and_nonletter",500,0.73,1293.74,10.032,100.32,1394.06,0.758,0.2532981530343008,0.7467018469656992,0.242,1,46,272,,
window_validity_answer_type_aware,window_share,"window=5, share>=0.8, min_valid=5, min_tok=512, validity=answer_type_aware",500,0.73,1293.74,10.032,100.32,1394.06,0.758,0.2532981530343008,0.7467018469656992,0.242,1,46,272,,
history_s0.8_switch0,window_share,"history-aware: window=5, share>=0.8, min_valid=5, min_tok=512, max_switches=0",500,0.79,2000.714,15.402,154.01999999999998,2154.734,0.188,0.24468085106382975,0.7553191489361702,0.812,0,14,69,,
history_s0.8_switch1,window_share,"history-aware: window=5, share>=0.8, min_valid=5, min_tok=512, max_switches=1",500,0.774,1895.558,14.606,146.06,2041.618,0.262,0.26717557251908397,0.732824427480916,0.738,0,22,93,,
history_s0.8_switch2,window_share,"history-aware: window=5, share>=0.8, min_valid=5, min_tok=512, max_switches=2",500,0.752,1708.414,13.186,131.86,1840.274,0.386,0.30569948186528495,0.694300518134715,0.614,1,33,129,,
history_s0.8_switchNone,window_share,"history-aware: window=5, share>=0.8, min_valid=5, min_tok=512, max_switches=None",500,0.684,1224.892,9.526,95.25999999999999,1320.152,0.828,0.3091787439613527,0.6908212560386473,0.17200000000000004,1,69,275,,
history_s1.0_switch0,window_share,"history-aware: window=5, share>=1.0, min_valid=5, min_tok=512, max_switches=0",500,0.79,2000.714,15.402,154.01999999999998,2154.734,0.188,0.24468085106382975,0.7553191489361702,0.812,0,14,69,,
history_s1.0_switch1,window_share,"history-aware: window=5, share>=1.0, min_valid=5, min_tok=512, max_switches=1",500,0.786,1930.256,14.874,148.74,2078.996,0.246,0.2357723577235772,0.7642276422764228,0.754,0,16,90,,
history_s1.0_switch2,window_share,"history-aware: window=5, share>=1.0, min_valid=5, min_tok=512, max_switches=2",500,0.78,1821.676,14.06,140.6,1962.2759999999998,0.344,0.2325581395348837,0.7674418604651163,0.656,1,18,123,,
history_s1.0_switchNone,window_share,"history-aware: window=5, share>=1.0, min_valid=5, min_tok=512, max_switches=None",500,0.75,1459.178,11.33,113.3,1572.478,0.748,0.21122994652406413,0.7887700534759359,0.252,1,34,264,,
entropy_below_0.0_mt0,entropy,"entropy<=0.0, min_tok=0",500,0.25,128.0,1.0,10.0,138.0,1.0,0.75,0.25,0.0,0,286,120,,
entropy_below_0.0_mt512,entropy,"entropy<=0.0, min_tok=512",500,0.762,1893.3,14.58,145.8,2039.1,0.24,0.3416666666666667,0.6583333333333333,0.76,0,28,74,,
entropy_below_0.3_mt0,entropy,"entropy<=0.3, min_tok=0",500,0.25,128.0,1.0,10.0,138.0,1.0,0.75,0.25,0.0,0,286,120,,
entropy_below_0.3_mt512,entropy,"entropy<=0.3, min_tok=512",500,0.73,1614.278,12.478,124.78,1739.058,0.522,0.30268199233716475,0.6973180076628352,0.478,2,43,149,,
entropy_below_0.5_mt0,entropy,"entropy<=0.5, min_tok=0",500,0.25,128.0,1.0,10.0,138.0,1.0,0.75,0.25,0.0,0,286,120,,
entropy_below_0.5_mt512,entropy,"entropy<=0.5, min_tok=512",500,0.592,1081.574,8.4,84.0,1165.574,0.812,0.43842364532019706,0.5615763546798029,0.18799999999999994,3,112,200,,
entropy_lowk_0.0_k3_mt0,entropy,"entropy<=0.0 for 3 steps, min_tok=0",500,0.722,1717.194,13.226,132.26000000000002,1849.454,0.324,0.42592592592592593,0.5740740740740741,0.6759999999999999,0,49,78,,
entropy_lowk_0.0_k3_mt512,entropy,"entropy<=0.0 for 3 steps, min_tok=512",500,0.762,1893.3,14.58,145.8,2039.1,0.24,0.3416666666666667,0.6583333333333333,0.76,0,28,74,,
entropy_lowk_0.0_k5_mt0,entropy,"entropy<=0.0 for 5 steps, min_tok=0",500,0.768,1947.952,14.998,149.98,2097.932,0.216,0.34259259259259256,0.6574074074074074,0.784,0,25,69,,
entropy_lowk_0.0_k5_mt512,entropy,"entropy<=0.0 for 5 steps, min_tok=512",500,0.768,1947.952,14.998,149.98,2097.932,0.216,0.34259259259259256,0.6574074074074074,0.784,0,25,69,,
entropy_lowk_0.0_k8_mt0,entropy,"entropy<=0.0 for 8 steps, min_tok=0",500,0.792,2082.492,16.038,160.38,2242.8720000000003,0.172,0.2441860465116279,0.7558139534883721,0.8280000000000001,0,12,59,,
entropy_lowk_0.0_k8_mt512,entropy,"entropy<=0.0 for 8 steps, min_tok=512",500,0.792,2082.492,16.038,160.38,2242.8720000000003,0.172,0.2441860465116279,0.7558139534883721,0.8280000000000001,0,12,59,,
entropy_lowk_0.3_k3_mt0,entropy,"entropy<=0.3 for 3 steps, min_tok=0",500,0.7,1566.056,12.092,120.92,1686.976,0.508,0.38188976377952755,0.6181102362204725,0.492,1,59,128,,
entropy_lowk_0.3_k3_mt512,entropy,"entropy<=0.3 for 3 steps, min_tok=512",500,0.738,1704.002,13.154,131.54,1835.542,0.456,0.3201754385964912,0.6798245614035088,0.544,1,39,134,,
entropy_lowk_0.3_k5_mt0,entropy,"entropy<=0.3 for 5 steps, min_tok=0",500,0.756,1805.458,13.92,139.2,1944.6580000000001,0.396,0.31313131313131315,0.6868686868686869,0.604,1,30,119,,
entropy_lowk_0.3_k5_mt512,entropy,"entropy<=0.3 for 5 steps, min_tok=512",500,0.756,1805.458,13.92,139.2,1944.6580000000001,0.396,0.31313131313131315,0.6868686868686869,0.604,1,30,119,,
entropy_lowk_0.3_k8_mt0,entropy,"entropy<=0.3 for 8 steps, min_tok=0",500,0.77,1967.008,15.154,151.54,2118.5480000000002,0.312,0.3141025641025641,0.6858974358974359,0.688,1,22,91,,
entropy_lowk_0.3_k8_mt512,entropy,"entropy<=0.3 for 8 steps, min_tok=512",500,0.77,1967.008,15.154,151.54,2118.5480000000002,0.312,0.3141025641025641,0.6858974358974359,0.688,1,22,91,,
entropy_lowk_0.5_k3_mt0,entropy,"entropy<=0.5 for 3 steps, min_tok=0",500,0.648,1276.978,9.902,99.02,1375.998,0.746,0.37533512064343166,0.6246648793565683,0.254,2,85,191,,
entropy_lowk_0.5_k3_mt512,entropy,"entropy<=0.5 for 3 steps, min_tok=512",500,0.648,1316.678,10.206,102.06,1418.738,0.726,0.3856749311294766,0.6143250688705234,0.274,2,85,191,,
entropy_lowk_0.5_k5_mt0,entropy,"entropy<=0.5 for 5 steps, min_tok=0",500,0.674,1503.578,11.636,116.35999999999999,1619.9379999999999,0.638,0.37617554858934166,0.6238244514106583,0.362,2,72,173,,
entropy_lowk_0.5_k5_mt512,entropy,"entropy<=0.5 for 5 steps, min_tok=512",500,0.674,1503.578,11.636,116.35999999999999,1619.9379999999999,0.638,0.37617554858934166,0.6238244514106583,0.362,2,72,173,,
entropy_lowk_0.5_k8_mt0,entropy,"entropy<=0.5 for 8 steps, min_tok=0",500,0.714,1747.406,13.492,134.92000000000002,1882.326,0.524,0.3702290076335878,0.6297709923664122,0.476,2,52,131,,
entropy_lowk_0.5_k8_mt512,entropy,"entropy<=0.5 for 8 steps, min_tok=512",500,0.714,1747.406,13.492,134.92000000000002,1882.326,0.524,0.3702290076335878,0.6297709923664122,0.476,2,52,131,,
entropy_nonincr_k3_mt0,entropy,"entropy non-increasing for 3 steps, min_tok=0",500,0.366,554.18,4.324,43.239999999999995,597.42,0.984,0.6422764227642277,0.35772357723577236,0.016000000000000014,5,223,158,,
entropy_nonincr_k3_mt512,entropy,"entropy non-increasing for 3 steps, min_tok=512",500,0.378,625.368,4.874,48.739999999999995,674.1080000000001,0.964,0.6431535269709543,0.35684647302904565,0.03600000000000003,5,217,164,,
entropy_nonincr_k5_mt0,entropy,"entropy non-increasing for 5 steps, min_tok=0",500,0.56,1027.738,7.996,79.96000000000001,1107.698,0.908,0.46475770925110127,0.5352422907488987,0.09199999999999997,2,130,231,,
entropy_nonincr_k5_mt512,entropy,"entropy non-increasing for 5 steps, min_tok=512",500,0.56,1027.738,7.996,79.96000000000001,1107.698,0.908,0.46475770925110127,0.5352422907488987,0.09199999999999997,2,130,231,,
entropy_nonincr_k8_mt0,entropy,"entropy non-increasing for 8 steps, min_tok=0",500,0.712,1584.184,12.282,122.82,1707.004,0.726,0.2920110192837465,0.7079889807162535,0.274,1,53,217,,
entropy_nonincr_k8_mt512,entropy,"entropy non-increasing for 8 steps, min_tok=512",500,0.712,1584.184,12.282,122.82,1707.004,0.726,0.2920110192837465,0.7079889807162535,0.274,1,53,217,,
production_bug_prefix,production_bug,"Actual pre-fix production should_early_exit (window=2, no consistency check)",500,0.278,266.484,2.08,20.8,287.284,0.998,0.7234468937875751,0.27655310621242485,0.0020000000000000018,16,255,123,,
