split,aggregation,family,parameter,n,accuracy_pct,baseline_accuracy_pct,accuracy_drop_pp,all_generated_token_saving_pct,stop_rate_pct,stop_accuracy_pct,false_stop_ratio_pct,harm_count,rescue_count,harm_rescue_ratio,avg_attempts,total_baseline_tokens,total_method_tokens,environment_count,harm_rate_pct,rescue_rate_pct
train,pooled,deer_confidence,0.9,2052,66.08187134502924,74.95126705653021,8.869395711500974,41.62070761226828,75.09746588693957,70.27903958468526,29.72096041531473,248,66,3.757575757575758,5.255847953216374,11208709,6543565,,,
train,environment_macro,deer_confidence,0.9,,65.83024691358024,71.6574074074074,5.827160493827161,28.945033001914965,57.93518518518518,77.22512325170935,22.77487674829065,,,4.131011608623549,8.521388888888888,,,18,7.688271604938271,1.8611111111111112
dev,pooled,deer_confidence,0.9,684,61.98830409356725,77.19298245614036,15.2046783625731,44.495351558154574,74.26900584795321,62.99212598425197,37.00787401574803,114,10,11.4,5.488304093567251,3577758,1985822,,,
dev,environment_macro,deer_confidence,0.9,,68.95370370370371,78.1574074074074,9.203703703703702,32.81805970004589,58.75925925925927,75.42883607765204,24.57116392234797,,,17.566666666666666,9.393055555555556,,,18,9.75925925925926,0.5555555555555556
test,pooled,deer_confidence,0.9,684,71.34502923976608,80.70175438596492,9.35672514619883,50.59407778706024,78.65497076023392,71.00371747211896,28.99628252788104,81,17,4.764705882352941,4.9298245614035086,3382722,1671265,,,
test,environment_macro,deer_confidence,0.9,,76.16666666666667,81.23148148148148,5.064814814814815,38.47587224682357,61.18518518518518,77.97712147320172,22.022878526798277,,,4.1988304093567255,8.517222222222223,,,18,6.648148148148149,1.583333333333333
train,pooled,deer_confidence,0.925,2052,67.64132553606238,74.95126705653021,7.309941520467836,39.08998797274512,73.2943469785575,72.53989361702128,27.460106382978722,218,68,3.2058823529411766,5.399122807017544,11208709,6827226,,,
train,environment_macro,deer_confidence,0.925,,67.42901234567901,71.6574074074074,4.228395061728396,26.694557869526673,56.108024691358025,81.14617708384972,18.853822916150275,,,3.2276422764227646,8.709753086419754,,,18,6.1265432098765435,1.898148148148148
dev,pooled,deer_confidence,0.925,684,63.888888888888886,77.19298245614036,13.304093567251462,42.13007140225806,72.6608187134503,65.3923541247485,34.60764587525151,101,10,10.1,5.5964912280701755,3577758,2070446,,,
dev,environment_macro,deer_confidence,0.925,,71.18518518518518,78.1574074074074,6.972222222222222,30.189469151812357,56.638888888888886,77.96824753705998,22.03175246294001,,,13.549999999999999,9.513148148148149,,,18,7.527777777777778,0.5555555555555556
test,pooled,deer_confidence,0.925,684,72.36842105263158,80.70175438596492,8.333333333333334,47.380718841217224,76.60818713450293,72.51908396946565,27.480916030534353,73,16,4.5625,5.092105263157895,3382722,1779964,,,
test,environment_macro,deer_confidence,0.925,,76.55555555555556,81.23148148148148,4.6759259259259265,34.317824628799144,58.89814814814815,81.10227195255442,18.897728047445575,,,6.260416666666667,8.728611111111112,,,18,5.564814814814815,0.8888888888888888
train,pooled,deer_confidence,0.95,2052,68.9083820662768,74.95126705653021,6.042884990253412,36.737165716408555,71.34502923976608,74.72677595628416,25.273224043715846,193,69,2.7971014492753623,5.514619883040936,11208709,7090947,,,
train,environment_macro,deer_confidence,0.95,,68.91666666666667,71.6574074074074,2.7407407407407405,25.100634894070218,54.65123456790124,84.24744087369405,15.752559126305963,,,2.429951690821256,8.883456790123457,,,18,4.657407407407408,1.9166666666666667
dev,pooled,deer_confidence,0.95,684,65.05847953216374,77.19298245614036,12.134502923976608,38.30764965098254,70.32163742690058,67.98336798336798,32.016632016632016,93,10,9.3,5.77046783625731,3577758,2207203,,,
dev,environment_macro,deer_confidence,0.95,,71.62962962962962,78.1574074074074,6.527777777777778,26.099318957424046,54.24074074074074,81.09075002277297,18.909249977227034,,,12.749999999999998,9.7,,,18,7.083333333333332,0.5555555555555556
test,pooled,deer_confidence,0.95,684,73.9766081871345,80.70175438596492,6.7251461988304095,44.963286962393006,75.0,74.46393762183236,25.536062378167642,63,17,3.7058823529411766,5.276315789473684,3382722,1861739,,,
test,environment_macro,deer_confidence,0.95,,78.67592592592592,81.23148148148148,2.5555555555555554,30.53892549535857,55.5,89.34302207563161,10.656977924368391,,,3.705882352941176,8.930925925925926,,,18,3.5,0.9444444444444444
train,pooled,deer_confidence,0.96,2052,69.20077972709552,74.95126705653021,5.750487329434698,35.89138588574295,70.46783625730994,75.10373443983403,24.896265560165975,186,68,2.735294117647059,5.591617933723197,11208709,7185748,,,
train,environment_macro,deer_confidence,0.96,,69.02777777777777,71.6574074074074,2.6296296296296293,24.60927573195319,54.10493827160494,84.40809498073209,15.591905019267905,,,2.3853658536585365,8.934012345679013,,,18,4.527777777777778,1.898148148148148
dev,pooled,deer_confidence,0.96,684,65.49707602339181,77.19298245614036,11.695906432748538,37.90460394470504,69.88304093567251,68.82845188284519,31.171548117154813,90,10,9.0,5.808479532163743,3577758,2221623,,,
dev,environment_macro,deer_confidence,0.96,,72.43518518518518,78.1574074074074,5.722222222222222,25.77573278214894,54.074074074074076,83.33956989710028,16.660430102899724,,,11.299999999999999,9.755092592592593,,,18,6.277777777777777,0.5555555555555556
test,pooled,deer_confidence,0.96,684,74.26900584795321,80.70175438596492,6.432748538011696,44.128545000150766,74.26900584795321,74.80314960629921,25.19685039370079,61,17,3.588235294117647,5.330409356725146,3382722,1889976,,,
test,environment_macro,deer_confidence,0.96,,78.78703703703704,81.23148148148148,2.4444444444444446,29.956684937796265,54.583333333333336,89.49867776882127,10.501322231178731,,,3.5882352941176467,8.975277777777778,,,18,3.388888888888889,0.9444444444444444
train,pooled,deer_confidence,0.97,2052,69.39571150097466,74.95126705653021,5.555555555555555,34.857109770625684,69.5906432748538,75.70028011204482,24.29971988795518,181,67,2.701492537313433,5.691520467836257,11208709,7301677,,,
train,environment_macro,deer_confidence,0.97,,69.10185185185185,71.6574074074074,2.5555555555555554,23.718850932541287,53.19135802469136,83.66889238268574,16.331107617314263,,,2.3596059113300494,9.127006172839506,,,18,4.435185185185185,1.8796296296296293
dev,pooled,deer_confidence,0.97,684,66.08187134502924,77.19298245614036,11.11111111111111,35.696601055744964,68.42105263157895,69.65811965811966,30.34188034188034,85,9,9.444444444444445,5.874269005847953,3577758,2300620,,,
dev,environment_macro,deer_confidence,0.97,,73.29629629629629,78.1574074074074,4.861111111111111,23.15506368909777,51.601851851851855,86.61697510586919,13.383024894130816,,,10.722222222222223,9.831203703703704,,,18,5.361111111111112,0.5
test,pooled,deer_confidence,0.97,684,75.58479532163743,80.70175438596492,5.116959064327485,41.88212924384564,72.953216374269,76.35270541082164,23.647294589178358,53,18,2.9444444444444446,5.447368421052632,3382722,1965966,,,
test,environment_macro,deer_confidence,0.97,,79.28703703703704,81.23148148148148,1.9444444444444444,28.6646027154734,54.083333333333336,90.18867939778333,9.811320602216673,,,2.9444444444444446,9.108518518518517,,,18,2.9444444444444446,1.0
train,pooled,deer_confidence,0.975,2052,69.49317738791423,74.95126705653021,5.458089668615984,33.94098285538504,68.85964912280701,76.36234961075725,23.637650389242747,178,66,2.696969696969697,5.7519493177387915,11208709,7404363,,,
train,environment_macro,deer_confidence,0.975,,69.13888888888889,71.6574074074074,2.518518518518518,22.65547057923902,52.12037037037037,88.33301922736432,11.666980772635686,,,2.5280898876404496,9.233580246913581,,,18,4.166666666666667,1.648148148148148
dev,pooled,deer_confidence,0.975,684,66.2280701754386,77.19298245614036,10.964912280701755,35.18334666570517,67.83625730994152,69.82758620689656,30.17241379310345,84,9,9.333333333333334,5.9108187134502925,3577758,2318983,,,
dev,environment_macro,deer_confidence,0.975,,73.35185185185185,78.1574074074074,4.805555555555555,22.918186921515876,51.37962962962963,86.69419135086105,13.305808649138951,,,10.611111111111112,9.845092592592593,,,18,5.305555555555555,0.5
test,pooled,deer_confidence,0.975,684,75.58479532163743,80.70175438596492,5.116959064327485,41.33668093328391,72.51461988304094,76.20967741935483,23.79032258064516,53,18,2.9444444444444446,5.478070175438597,3382722,1984417,,,
test,environment_macro,deer_confidence,0.975,,79.28703703703704,81.23148148148148,1.9444444444444444,28.412490868111934,53.916666666666664,90.10140397792873,9.898596022071267,,,2.9444444444444446,9.120185185185186,,,18,2.9444444444444446,1.0
train,pooled,deer_confidence,0.98,2052,69.63937621832359,74.95126705653021,5.311890838206628,33.34421475301036,68.27485380116958,76.802284082798,23.197715917202,173,64,2.703125,5.807992202729045,11208709,7471253,,,
train,environment_macro,deer_confidence,0.98,,69.19444444444444,71.6574074074074,2.462962962962963,22.011960046836077,51.47222222222222,88.50600673546371,11.493993264536286,,,2.528735632183908,9.3025,,,18,4.0740740740740735,1.611111111111111
dev,pooled,deer_confidence,0.98,684,66.37426900584795,77.19298245614036,10.818713450292398,34.62310754388642,67.39766081871345,70.28199566160521,29.718004338394795,83,9,9.222222222222221,5.957602339181286,3577758,2339027,,,
dev,environment_macro,deer_confidence,0.98,,73.4074074074074,78.1574074074074,4.75,22.627103595978397,51.21296296296296,86.88855622634752,13.111443773652493,,,10.500000000000002,9.901203703703704,,,18,5.25,0.5
test,pooled,deer_confidence,0.98,684,75.58479532163743,80.70175438596492,5.116959064327485,40.72267836375558,71.9298245614035,76.42276422764228,23.577235772357724,52,17,3.0588235294117645,5.514619883040936,3382722,2005187,,,
test,environment_macro,deer_confidence,0.98,,79.28703703703704,81.23148148148148,1.9444444444444444,28.14602398155272,53.69444444444444,90.16438152260866,9.83561847739134,,,3.0588235294117645,9.134074074074073,,,18,2.888888888888889,0.9444444444444444
train,pooled,deer_confidence,0.985,2052,69.78557504873294,74.95126705653021,5.165692007797271,32.50805244386307,67.44639376218323,77.16763005780346,22.832369942196532,170,64,2.65625,5.894736842105263,11208709,7564976,,,
train,environment_macro,deer_confidence,0.985,,69.25,71.6574074074074,2.407407407407407,21.331759724202794,50.44135802469136,88.68788026067429,11.312119739325707,,,2.4942528735632186,9.389845679012346,,,18,4.018518518518518,1.611111111111111
dev,pooled,deer_confidence,0.985,684,66.52046783625731,77.19298245614036,10.67251461988304,33.74705611726674,66.81286549707602,70.67833698030634,29.321663019693656,81,8,10.125,6.076023391812866,3577758,2370370,,,
dev,environment_macro,deer_confidence,0.985,,74.10185185185185,78.1574074074074,4.055555555555555,22.09892990713551,50.99074074074074,88.94767121242187,11.052328787578126,,,10.125,10.126666666666667,,,18,4.5,0.4444444444444444
test,pooled,deer_confidence,0.985,684,76.0233918128655,80.70175438596492,4.678362573099415,38.42609590737873,70.76023391812865,77.06611570247934,22.93388429752066,49,17,2.8823529411764706,5.606725146198831,3382722,2082874,,,
test,environment_macro,deer_confidence,0.985,,79.45370370370371,81.23148148148148,1.7777777777777777,26.377563041666395,52.37962962962963,90.49440809739686,9.505591902603145,,,2.88235294117647,9.24685185185185,,,18,2.7222222222222223,0.9444444444444444
train,pooled,deer_confidence,0.99,2052,69.88304093567251,74.95126705653021,5.0682261208577,31.70829040168676,66.47173489278752,77.63929618768329,22.360703812316714,167,63,2.6507936507936507,5.9717348927875245,11208709,7654619,,,
train,environment_macro,deer_confidence,0.99,,69.07407407407408,71.6574074074074,2.5833333333333335,20.69278411225497,49.5679012345679,88.85337955657688,11.146620443423114,,,2.8724832214765104,9.512746913580248,,,18,3.9629629629629637,1.3796296296296295
dev,pooled,deer_confidence,0.99,684,66.66666666666667,77.19298245614036,10.526315789473685,33.02224465712885,66.52046783625731,71.20879120879121,28.791208791208792,80,8,10.0,6.211988304093567,3577758,2396302,,,
dev,environment_macro,deer_confidence,0.99,,74.1574074074074,78.1574074074074,4.0,21.708132373404318,50.87962962962963,89.16824284764938,10.83175715235061,,,10.0,10.221851851851852,,,18,4.444444444444445,0.4444444444444444
test,pooled,deer_confidence,0.99,684,76.3157894736842,80.70175438596492,4.385964912280702,37.286421999797795,70.17543859649123,77.29166666666667,22.708333333333332,47,17,2.764705882352941,5.707602339181286,3382722,2121426,,,
test,environment_macro,deer_confidence,0.99,,79.56481481481482,81.23148148148148,1.6666666666666667,25.792623063645028,52.15740740740741,90.62762403953215,9.372375960467854,,,2.764705882352941,9.36064814814815,,,18,2.611111111111111,0.9444444444444444
train,pooled,deer_confidence,0.9925,2052,69.98050682261209,74.95126705653021,4.970760233918129,30.681312183231807,65.44834307992203,78.10871183916605,21.891288160833955,163,61,2.6721311475409837,6.065302144249513,11208709,7769730,,,
train,environment_macro,deer_confidence,0.9925,,69.11111111111111,71.6574074074074,2.546296296296296,19.620536877667448,47.95987654320987,89.20486201638256,10.795137983617433,,,2.896551724137931,9.616604938271605,,,18,3.888888888888889,1.3425925925925926
dev,pooled,deer_confidence,0.9925,684,66.81286549707602,77.19298245614036,10.380116959064328,32.60544732203799,65.78947368421052,71.33333333333333,28.666666666666668,79,8,9.875,6.267543859649122,3577758,2411214,,,
dev,environment_macro,deer_confidence,0.9925,,74.21296296296296,78.1574074074074,3.9444444444444446,21.445885883175766,50.601851851851855,89.22877399793343,10.77122600206657,,,9.875,10.274907407407406,,,18,4.388888888888889,0.4444444444444444
test,pooled,deer_confidence,0.9925,684,76.75438596491227,80.70175438596492,3.9473684210526314,36.257546437454806,69.15204678362574,77.80126849894292,22.198731501057082,44,17,2.588235294117647,5.799707602339181,3382722,2156230,,,
test,environment_macro,deer_confidence,0.9925,,79.73148148148148,81.23148148148148,1.5,25.01931466134712,51.12962962962963,90.86772288285563,9.132277117144364,,,2.5882352941176467,9.497222222222222,,,18,2.4444444444444446,0.9444444444444444
train,pooled,deer_confidence,0.995,2052,70.22417153996102,74.95126705653021,4.727095516569201,29.612973269267673,64.32748538011695,78.56060606060606,21.439393939393938,158,61,2.5901639344262297,6.140350877192983,11208709,7889477,,,
train,environment_macro,deer_confidence,0.995,,69.20370370370371,71.6574074074074,2.4537037037037037,18.77471235882442,47.03086419753086,89.20338175757381,10.796618242426197,,,2.8275862068965516,9.681111111111111,,,18,3.796296296296296,1.3425925925925926
dev,pooled,deer_confidence,0.995,684,66.95906432748538,77.19298245614036,10.23391812865497,31.236293790692383,64.47368421052632,71.88208616780045,28.117913832199548,77,7,11.0,6.3391812865497075,3577758,2460199,,,
dev,environment_macro,deer_confidence,0.995,,74.26851851851852,78.1574074074074,3.888888888888889,20.720436181474224,50.101851851851855,89.46690947712291,10.533090522877087,,,11.0,10.346851851851852,,,18,4.277777777777778,0.38888888888888895
test,pooled,deer_confidence,0.995,684,76.75438596491227,80.70175438596492,3.9473684210526314,35.03710916829701,67.98245614035088,77.84946236559139,22.150537634408604,44,17,2.588235294117647,5.887426900584796,3382722,2197514,,,
test,environment_macro,deer_confidence,0.995,,79.73148148148148,81.23148148148148,1.5,24.10640070190871,49.81481481481481,90.90065045268092,9.09934954731908,,,2.5882352941176467,9.56537037037037,,,18,2.4444444444444446,0.9444444444444444
train,pooled,deer_confidence,0.996,2052,70.27290448343079,74.95126705653021,4.678362573099415,29.11670737459595,63.840155945419106,78.62595419847328,21.374045801526716,156,60,2.6,6.195906432748538,11208709,7945102,,,
train,environment_macro,deer_confidence,0.996,,69.51234567901234,71.6574074074074,2.1450617283950617,18.311067863685977,46.05246913580247,89.64463422430393,10.355365775696074,,,2.62004662004662,9.72891975308642,,,18,3.469135802469136,1.3240740740740742
dev,pooled,deer_confidence,0.996,684,67.10526315789474,77.19298245614036,10.087719298245615,30.942031294458708,64.32748538011695,72.04545454545455,27.954545454545453,76,7,10.857142857142858,6.404970760233918,3577758,2470727,,,
dev,environment_macro,deer_confidence,0.996,,74.32407407407408,78.1574074074074,3.8333333333333335,20.593957264905598,50.0462962962963,89.5400966467276,10.459903353272402,,,10.857142857142856,10.37185185185185,,,18,4.222222222222222,0.38888888888888895
test,pooled,deer_confidence,0.996,684,76.75438596491227,80.70175438596492,3.9473684210526314,34.65380838271664,67.69005847953217,77.7537796976242,22.24622030237581,44,17,2.588235294117647,5.93859649122807,3382722,2210480,,,
test,environment_macro,deer_confidence,0.996,,79.73148148148148,81.23148148148148,1.5,23.935563131685726,49.7037037037037,90.86830452145858,9.131695478541417,,,2.5882352941176467,9.610925925925926,,,18,2.4444444444444446,0.9444444444444444
train,pooled,deer_confidence,0.997,2052,70.37037037037037,74.95126705653021,4.580896686159844,28.427912616876753,63.30409356725146,78.75288683602771,21.247113163972287,154,60,2.566666666666667,6.276803118908382,11208709,8022307,,,
train,environment_macro,deer_confidence,0.997,,69.54938271604938,71.6574074074074,2.1080246913580245,17.767041478478873,45.422839506172835,89.71610988244613,10.28389011755386,,,2.592074592074592,9.821574074074073,,,18,3.432098765432099,1.3240740740740742
dev,pooled,deer_confidence,0.997,684,67.10526315789474,77.19298245614036,10.087719298245615,30.442724186487737,63.59649122807018,71.95402298850574,28.04597701149425,76,7,10.857142857142858,6.4868421052631575,3577758,2488591,,,
dev,environment_macro,deer_confidence,0.997,,74.32407407407408,78.1574074074074,3.8333333333333335,20.39104224416845,49.76851851851852,89.49829582182524,10.501704178174766,,,10.857142857142856,10.402962962962963,,,18,4.222222222222222,0.38888888888888895
test,pooled,deer_confidence,0.997,684,76.75438596491227,80.70175438596492,3.9473684210526314,32.53447962912708,66.08187134502924,78.31858407079646,21.68141592920354,43,16,2.6875,6.0,3382722,2282171,,,
test,environment_macro,deer_confidence,0.997,,79.73148148148148,81.23148148148148,1.5,22.692028615354037,48.22222222222222,90.52939774711952,9.470602252880475,,,2.6875,9.672592592592592,,,18,2.388888888888889,0.8888888888888888
train,pooled,deer_confidence,0.998,2052,70.6140350877193,74.95126705653021,4.337231968810916,26.909504029411416,61.89083820662768,79.29133858267717,20.708661417322833,147,58,2.5344827586206895,6.397173489278752,11208709,8192501,,,
train,environment_macro,deer_confidence,0.998,,70.22222222222223,71.6574074074074,1.4351851851851851,16.381850428685894,43.80246913580247,91.20911434887216,8.790885651127834,,,2.115107913669065,10.011234567901234,,,18,2.7222222222222223,1.287037037037037
dev,pooled,deer_confidence,0.998,684,66.95906432748538,77.19298245614036,10.23391812865497,29.05565440703368,62.280701754385966,71.83098591549296,28.169014084507044,76,6,12.666666666666666,6.641812865497076,3577758,2538217,,,
dev,environment_macro,deer_confidence,0.998,,74.26851851851852,78.1574074074074,3.888888888888889,19.619049170061803,49.26851851851852,89.4090975977633,10.590902402236694,,,12.666666666666668,10.587222222222222,,,18,4.222222222222222,0.3333333333333333
test,pooled,deer_confidence,0.998,684,76.60818713450293,80.70175438596492,4.093567251461988,31.7041424036619,65.35087719298245,78.29977628635346,21.700223713646533,43,15,2.8666666666666667,6.097953216374269,3382722,2310259,,,
test,environment_macro,deer_confidence,0.998,,79.67592592592592,81.23148148148148,1.5555555555555556,21.617303281123085,46.2037037037037,90.55534442208581,9.444655577914194,,,2.8666666666666667,9.80324074074074,,,18,2.388888888888889,0.8333333333333334
train,pooled,deer_confidence,0.999,2052,70.66276803118909,74.95126705653021,4.288499025341131,25.402898763809464,60.18518518518518,79.75708502024291,20.242914979757085,140,52,2.6923076923076925,6.550194931773879,11208709,8361372,,,
train,environment_macro,deer_confidence,0.999,,70.24074074074073,71.6574074074074,1.4166666666666667,15.436363870126021,42.94135802469136,91.48480704711092,8.515192952889073,,,2.204724409448819,10.138858024691357,,,18,2.5925925925925926,1.175925925925926
dev,pooled,deer_confidence,0.999,684,67.10526315789474,77.19298245614036,10.087719298245615,27.549068438949757,61.111111111111114,71.77033492822966,28.229665071770334,75,6,12.5,6.779239766081871,3577758,2592119,,,
dev,environment_macro,deer_confidence,0.999,,74.32407407407408,78.1574074074074,3.8333333333333335,18.45395803378544,48.18518518518519,89.3958685164208,10.604131483579195,,,12.5,10.714351851851852,,,18,4.166666666666667,0.3333333333333333
test,pooled,deer_confidence,0.999,684,77.046783625731,80.70175438596492,3.654970760233918,29.42884458137559,62.865497076023395,78.6046511627907,21.3953488372093,40,15,2.6666666666666665,6.283625730994152,3382722,2387226,,,
test,environment_macro,deer_confidence,0.999,,79.8425925925926,81.23148148148148,1.3888888888888888,19.69270195336606,43.75,90.79347933257817,9.206520667421826,,,2.666666666666667,9.930092592592594,,,18,2.2222222222222223,0.8333333333333334
train,pooled,deer_confidence,0.9995,2052,70.80896686159844,74.95126705653021,4.1423001949317735,23.55453246221309,57.79727095516569,80.01686340640809,19.983136593591905,134,49,2.7346938775510203,6.716861598440546,11208709,8568550,,,
train,environment_macro,deer_confidence,0.9995,,70.29629629629629,71.6574074074074,1.3611111111111112,14.491712070980206,41.82098765432099,91.65704488754402,8.342955112455972,,,2.2148760330578514,10.230061728395063,,,18,2.4814814814814814,1.1203703703703702
dev,pooled,deer_confidence,0.9995,684,67.54385964912281,77.19298245614036,9.649122807017545,26.410701897668876,59.7953216374269,72.37163814180929,27.628361858190708,72,6,12.0,6.885964912280702,3577758,2632847,,,
dev,environment_macro,deer_confidence,0.9995,,74.49074074074073,78.1574074074074,3.6666666666666665,17.8236879573193,47.68518518518519,89.76308536882766,10.236914631172334,,,12.0,10.79324074074074,,,18,4.0,0.3333333333333333
test,pooled,deer_confidence,0.9995,684,77.046783625731,80.70175438596492,3.654970760233918,27.67274402093935,60.526315789473685,78.5024154589372,21.497584541062803,39,14,2.7857142857142856,6.41374269005848,3382722,2446630,,,
test,environment_macro,deer_confidence,0.9995,,79.8425925925926,81.23148148148148,1.3888888888888888,18.88354853808542,42.861111111111114,90.79740950608159,9.202590493918406,,,2.7857142857142856,10.009722222222223,,,18,2.1666666666666665,0.7777777777777779
train,pooled,deer_confidence,0.9999,2052,71.05263157894737,74.95126705653021,3.898635477582846,19.833193992278684,51.51072124756335,79.28098391674551,20.719016083254495,122,42,2.9047619047619047,7.050194931773879,11208709,8985664,,,
train,environment_macro,deer_confidence,0.9999,,70.17592592592592,71.6574074074074,1.4814814814814816,12.13818722397648,37.78703703703704,91.45862279267095,8.541377207329049,,,2.9047619047619047,10.481358024691358,,,18,2.259259259259259,0.7777777777777779
dev,pooled,deer_confidence,0.9999,684,68.71345029239767,77.19298245614036,8.47953216374269,22.37241870467483,53.94736842105263,72.89972899728997,27.100271002710027,64,6,10.666666666666666,7.18859649122807,3577758,2777327,,,
dev,environment_macro,deer_confidence,0.9999,,74.93518518518518,78.1574074074074,3.2222222222222223,14.431249510458631,41.80555555555556,87.97514547567881,12.02485452432118,,,10.666666666666668,11.049351851851853,,,18,3.5555555555555554,0.3333333333333333
test,pooled,deer_confidence,0.9999,684,77.046783625731,80.70175438596492,3.654970760233918,23.46565872099451,54.09356725146199,78.10810810810811,21.89189189189189,37,12,3.0833333333333335,6.726608187134503,3382722,2588944,,,
test,environment_macro,deer_confidence,0.9999,,79.8425925925926,81.23148148148148,1.3888888888888888,15.706137831561746,37.861111111111114,90.72611072611072,9.273889273889273,,,3.0833333333333335,10.201203703703705,,,18,2.0555555555555554,0.6666666666666666
train,pooled,deer_confidence,0.99995,2052,71.24756335282652,74.95126705653021,3.7037037037037037,17.7705389621588,47.22222222222222,79.56656346749226,20.43343653250774,114,38,3.0,7.198343079922028,11208709,9216861,,,
train,environment_macro,deer_confidence,0.99995,,70.25,71.6574074074074,1.4074074074074074,10.733414804123957,35.44135802469136,91.19603363260494,8.803966367395066,,,3.0,10.69824074074074,,,18,2.111111111111111,0.7037037037037037
dev,pooled,deer_confidence,0.99995,684,69.44444444444444,77.19298245614036,7.748538011695906,19.681068423297496,47.953216374269005,73.17073170731707,26.829268292682926,59,6,9.833333333333334,7.381578947368421,3577758,2873617,,,
dev,environment_macro,deer_confidence,0.99995,,75.21296296296296,78.1574074074074,2.9444444444444446,13.133953353546081,39.52777777777778,87.88843158235463,12.111568417645385,,,9.833333333333334,11.233518518518517,,,18,3.2777777777777777,0.3333333333333333
test,pooled,deer_confidence,0.99995,684,77.19298245614036,80.70175438596492,3.508771929824561,21.584392687309215,50.43859649122807,77.68115942028986,22.318840579710145,36,12,3.0,6.931286549707602,3382722,2652582,,,
test,environment_macro,deer_confidence,0.99995,,79.89814814814815,81.23148148148148,1.3333333333333333,13.834401220098583,35.19444444444444,90.51627688809351,9.483723111906473,,,3.0,10.430555555555555,,,18,2.0,0.6666666666666666
train,pooled,deer_confidence,0.99999,2052,71.9298245614035,74.95126705653021,3.021442495126706,13.202858598612918,36.35477582846004,78.15013404825737,21.84986595174263,94,32,2.9375,7.546783625730995,11208709,9728839,,,
train,environment_macro,deer_confidence,0.99999,,70.50925925925927,71.6574074074074,1.1481481481481481,7.469284580181841,27.18827160493827,89.1465804192221,10.853419580777903,,,2.9375000000000004,10.979660493827161,,,18,1.740740740740741,0.5925925925925926
dev,pooled,deer_confidence,0.99999,684,69.88304093567251,77.19298245614036,7.309941520467836,15.263525369798629,37.865497076023395,70.27027027027027,29.72972972972973,54,4,13.5,7.681286549707602,3577758,3031666,,,
dev,environment_macro,deer_confidence,0.99999,,75.37962962962962,78.1574074074074,2.7777777777777777,9.774424534380092,32.03703703703704,83.04204683118577,16.957953168814225,,,13.5,11.516944444444444,,,18,3.0,0.2222222222222222
test,pooled,deer_confidence,0.99999,684,77.48538011695906,80.70175438596492,3.216374269005848,16.470138545230736,39.619883040935676,77.85977859778598,22.14022140221402,30,8,3.75,7.261695906432749,3382722,2825583,,,
test,environment_macro,deer_confidence,0.99999,,80.00925925925927,81.23148148148148,1.2222222222222223,11.030904272314462,30.444444444444443,90.95687830687831,9.043121693121693,,,3.75,10.722222222222221,,,18,1.6666666666666667,0.4444444444444444
train,pooled,deer_confidence,0.999995,2052,72.36842105263158,74.95126705653021,2.5828460038986356,11.628422149241272,32.84600389863548,79.52522255192878,20.474777448071215,82,29,2.8275862068965516,7.670077972709552,11208709,9905313,,,
train,environment_macro,deer_confidence,0.999995,,70.67592592592592,71.6574074074074,0.9814814814814814,6.475351984501001,24.712962962962962,85.39966617475848,14.60033382524152,,,2.8275862068965516,11.078395061728395,,,18,1.5185185185185184,0.537037037037037
dev,pooled,deer_confidence,0.999995,684,71.05263157894737,77.19298245614036,6.140350877192983,13.324797261301631,34.35672514619883,72.34042553191489,27.659574468085108,46,4,11.5,7.828947368421052,3577758,3101029,,,
dev,environment_macro,deer_confidence,0.999995,,75.82407407407408,78.1574074074074,2.3333333333333335,8.798358934283954,30.703703703703702,85.2875525210084,14.712447478991596,,,11.5,11.662500000000001,,,18,2.5555555555555554,0.2222222222222222
test,pooled,deer_confidence,0.999995,684,77.77777777777777,80.70175438596492,2.9239766081871346,14.764115998890833,35.526315789473685,77.77777777777777,22.22222222222222,27,7,3.857142857142857,7.501461988304094,3382722,2883293,,,
test,environment_macro,deer_confidence,0.999995,,80.12037037037038,81.23148148148148,1.1111111111111112,9.822821938660029,26.97222222222222,90.43634293634294,9.563657063657063,,,3.857142857142857,10.875462962962963,,,18,1.5,0.38888888888888895
train,pooled,deer_confidence,0.999999,2052,72.70955165692008,74.95126705653021,2.2417153996101367,8.969382647011356,28.460038986354775,79.79452054794521,20.205479452054796,73,27,2.7037037037037037,7.930799220272904,11208709,10203357,,,
train,environment_macro,deer_confidence,0.999999,,70.80555555555556,71.6574074074074,0.8518518518518517,4.748360412899453,21.827160493827158,75.88295789967991,24.117042100320088,,,2.7037037037037037,11.294753086419753,,,18,1.3518518518518519,0.5
dev,pooled,deer_confidence,0.999999,684,71.9298245614035,77.19298245614036,5.2631578947368425,10.004701268224402,29.53216374269006,73.76237623762377,26.237623762376238,40,4,10.0,8.187134502923977,3577758,3219814,,,
dev,environment_macro,deer_confidence,0.999999,,76.1574074074074,78.1574074074074,2.0,6.050858682167206,25.212962962962962,83.09152647013428,16.90847352986572,,,10.0,12.160833333333334,,,18,2.2222222222222223,0.2222222222222222
test,pooled,deer_confidence,0.999999,684,77.77777777777777,80.70175438596492,2.9239766081871346,10.914996857560272,29.970760233918128,76.58536585365853,23.414634146341463,25,5,5.0,7.8464912280701755,3382722,3013498,,,
test,environment_macro,deer_confidence,0.999999,,80.12037037037038,81.23148148148148,1.1111111111111112,7.3296048098643745,22.25,89.0026391518929,10.997360848107117,,,5.0,11.10527777777778,,,18,1.3888888888888888,0.2777777777777778
train,pooled,deer_confidence,0.9999995,2052,73.00194931773879,74.95126705653021,1.949317738791423,7.685381072878242,26.461988304093566,81.03130755064457,18.968692449355434,65,25,2.6,8.066276803118908,11208709,10347277,,,
train,environment_macro,deer_confidence,0.9999995,,70.91666666666667,71.6574074074074,0.7407407407407408,4.153447370719805,21.067901234567902,91.3099509664145,8.69004903358549,,,2.6,11.37932098765432,,,18,1.2037037037037037,0.4629629629629629
dev,pooled,deer_confidence,0.9999995,684,72.07602339181287,77.19298245614036,5.116959064327485,9.181727774768444,28.216374269005847,73.05699481865285,26.94300518134715,39,4,9.75,8.302631578947368,3577758,3249258,,,
dev,environment_macro,deer_confidence,0.9999995,,76.21296296296296,78.1574074074074,1.9444444444444444,5.611285804817607,24.712962962962962,91.00470809792844,8.995291902071562,,,9.75,12.289444444444445,,,18,2.1666666666666665,0.2222222222222222
test,pooled,deer_confidence,0.9999995,684,77.92397660818713,80.70175438596492,2.7777777777777777,9.404615572902532,27.485380116959064,76.59574468085107,23.404255319148938,23,4,5.75,7.983918128654971,3382722,3064590,,,
test,environment_macro,deer_confidence,0.9999995,,80.17592592592592,81.23148148148148,1.0555555555555556,6.23994651814127,20.02777777777778,87.3129903302317,12.687009669768292,,,5.75,11.285277777777777,,,18,1.2777777777777777,0.2222222222222222
train,pooled,deer_confidence,0.9999999,2052,73.05068226120858,74.95126705653021,1.9005847953216375,4.766909373773554,21.393762183235868,80.86560364464692,19.134396355353076,57,18,3.1666666666666665,8.363060428849902,11208709,10674400,,,
train,environment_macro,deer_confidence,0.9999999,,70.93518518518518,71.6574074074074,0.7222222222222222,2.2106505662829976,15.117283950617285,93.11947681147204,6.880523188527956,,,3.166666666666667,11.62216049382716,,,18,1.0555555555555556,0.3333333333333333
dev,pooled,deer_confidence,0.9999999,684,72.6608187134503,77.19298245614036,4.5321637426900585,5.982908849620348,22.953216374269005,73.88535031847134,26.11464968152866,34,3,11.333333333333334,8.681286549707602,3577758,3363704,,,
dev,environment_macro,deer_confidence,0.9999999,,76.43518518518518,78.1574074074074,1.7222222222222223,4.2494336308260925,22.712962962962962,90.15848406546081,9.84151593453919,,,11.333333333333334,12.554722222222223,,,18,1.8888888888888888,0.16666666666666666
test,pooled,deer_confidence,0.9999999,684,78.21637426900585,80.70175438596492,2.4853801169590644,7.035221930740983,22.514619883040936,75.32467532467533,24.675324675324674,20,3,6.666666666666667,8.200292397660819,3382722,3144740,,,
test,environment_macro,deer_confidence,0.9999999,,80.28703703703704,81.23148148148148,0.9444444444444444,4.30389326576044,16.22222222222222,86.62377345772046,13.37622654227954,,,6.666666666666667,11.616666666666667,,,18,1.1111111111111112,0.16666666666666666
train,pooled,deer_confidence,0.99999999,2052,74.95126705653021,74.95126705653021,0.0,-1.7477837991868643,0.9259259259259259,89.47368421052632,10.526315789473685,1,1,1.0,8.850389863547758,11208709,11404613,,,
train,environment_macro,deer_confidence,0.99999999,,71.6574074074074,71.6574074074074,0.0,-1.6150341237327215,0.8549382716049383,92.0,8.0,,,1.0,11.992962962962963,,,18,0.01851851851851852,0.01851851851851852
dev,pooled,deer_confidence,0.99999999,684,76.60818713450293,77.19298245614036,0.5847953216374269,-1.790534742707584,1.608187134502924,45.45454545454545,54.54545454545455,4,0,inf,9.239766081871345,3577758,3641819,,,
dev,environment_macro,deer_confidence,0.99999999,,77.93518518518518,78.1574074074074,0.2222222222222222,-1.8203321193590218,0.6111111111111112,44.44444444444445,55.555555555555564,,,inf,13.135,,,18,0.2222222222222222,0.0
test,pooled,deer_confidence,0.99999999,684,80.4093567251462,80.70175438596492,0.29239766081871343,-1.6871324335845512,1.1695906432748537,75.0,25.0,2,0,inf,8.869883040935672,3382722,3439793,,,
test,environment_macro,deer_confidence,0.99999999,,81.12037037037038,81.23148148148148,0.1111111111111111,-1.687449051486752,1.0833333333333333,79.16666666666667,20.833333333333336,,,inf,12.139444444444443,,,18,0.1111111111111111,0.0
train,pooled,answer_persistence,2,2052,65.00974658869396,74.95126705653021,9.941520467836257,46.73325893285302,66.5692007797271,64.64128843338214,35.35871156661786,262,58,4.517241379310345,5.501461988304094,11208709,5970514,,,
train,environment_macro,answer_persistence,2,,59.44444444444444,71.6574074074074,12.212962962962964,45.71184211268944,64.03703703703704,54.46593291935021,45.53406708064979,,,7.341346153846153,8.320586419753086,,,18,14.13888888888889,1.9259259259259263
dev,pooled,answer_persistence,2,684,60.67251461988304,77.19298245614036,16.52046783625731,49.05647615070667,67.39766081871345,57.26681127982646,42.73318872017354,122,9,13.555555555555555,5.690058479532164,3577758,1822636,,,
dev,environment_macro,answer_persistence,2,,59.80555555555556,78.1574074074074,18.35185185185185,50.06125409684046,70.37037037037038,55.763237277126166,44.236762722873834,,,17.11382113821138,8.845740740740741,,,18,19.49074074074074,1.1388888888888888
test,pooled,answer_persistence,2,684,69.15204678362574,80.70175438596492,11.549707602339181,54.012537831958994,70.90643274853801,64.94845360824742,35.05154639175258,96,17,5.647058823529412,5.10233918128655,3382722,1555628,,,
test,environment_macro,answer_persistence,2,,62.50925925925927,81.23148148148148,18.72222222222222,51.927764504740765,70.48148148148148,57.766447796840694,42.233552203159306,,,20.823529411764703,7.717129629629629,,,18,19.666666666666668,0.9444444444444444
train,pooled,answer_persistence,3,2052,69.54191033138402,74.95126705653021,5.409356725146199,33.206669920684,47.758284600389864,68.06122448979592,31.93877551020408,159,48,3.3125,6.161793372319688,11208709,7486670,,,
train,environment_macro,answer_persistence,3,,65.55864197530865,71.6574074074074,6.098765432098766,29.38414055552411,45.839506172839506,56.27798194025465,43.72201805974535,,,4.503546099290779,9.140771604938273,,,18,7.839506172839505,1.740740740740741
dev,pooled,answer_persistence,3,684,67.25146198830409,77.19298245614036,9.941520467836257,35.60369370985964,47.66081871345029,61.34969325153374,38.65030674846626,75,7,10.714285714285714,6.442982456140351,3577758,2303944,,,
dev,environment_macro,answer_persistence,3,,66.19444444444444,78.1574074074074,11.962962962962964,36.39286022337578,54.0462962962963,58.75615838320756,41.24384161679244,,,31.761904761904756,9.863425925925926,,,18,12.351851851851851,0.38888888888888895
test,pooled,answer_persistence,3,684,74.41520467836257,80.70175438596492,6.286549707602339,38.06065056484098,49.41520467836257,68.63905325443787,31.36094674556213,57,14,4.071428571428571,5.881578947368421,3382722,2095236,,,
test,environment_macro,answer_persistence,3,,72.75,81.23148148148148,8.481481481481483,35.06467015320907,47.398148148148145,57.39816324539766,42.60183675460234,,,11.904761904761903,8.77351851851852,,,18,9.25925925925926,0.7777777777777779
train,pooled,answer_persistence,4,2052,71.19883040935673,74.95126705653021,3.7524366471734893,25.167501449096413,36.79337231968811,69.5364238410596,30.4635761589404,113,36,3.138888888888889,6.681286549707602,11208709,8387757,,,
train,environment_macro,answer_persistence,4,,68.06481481481482,71.6574074074074,3.592592592592593,21.6540587446331,35.848765432098766,54.06316110512869,45.93683889487131,,,3.75177304964539,9.66287037037037,,,18,4.898148148148148,1.3055555555555556
dev,pooled,answer_persistence,4,684,70.32163742690058,77.19298245614036,6.871345029239766,25.485932810436033,35.23391812865497,61.82572614107884,38.17427385892116,53,6,8.833333333333334,6.963450292397661,3577758,2665933,,,
dev,environment_macro,answer_persistence,4,,69.50925925925927,78.1574074074074,8.648148148148149,24.705294693689794,40.73148148148148,53.23188808993894,46.768111910061066,,,26.944444444444446,10.509351851851852,,,18,8.981481481481481,0.3333333333333333
test,pooled,answer_persistence,4,684,76.90058479532163,80.70175438596492,3.801169590643275,29.774158207502715,37.865497076023395,71.04247104247104,28.957528957528957,38,12,3.1666666666666665,6.345029239766082,3382722,2375545,,,
test,environment_macro,answer_persistence,4,,77.17592592592592,81.23148148148148,4.055555555555555,27.491111115118958,37.37962962962963,57.671752911690994,42.328247088309006,,,7.083333333333333,9.362314814814816,,,18,4.722222222222222,0.6666666666666666
train,pooled,answer_persistence,5,2052,72.75828460038986,74.95126705653021,2.192982456140351,18.982123632614602,28.94736842105263,71.21212121212122,28.78787878787879,77,32,2.40625,7.09307992202729,11208709,9081058,,,
train,environment_macro,answer_persistence,5,,69.58641975308643,71.6574074074074,2.0709876543209877,15.127820917035766,27.77777777777778,57.37253209189692,42.627467908103085,,,2.681704260651629,10.13108024691358,,,18,3.302469135802469,1.2314814814814814
dev,pooled,answer_persistence,5,684,71.9298245614035,77.19298245614036,5.2631578947368425,20.504125768148658,28.362573099415204,62.88659793814433,37.11340206185567,42,6,7.0,7.328947368421052,3577758,2844170,,,
dev,environment_macro,answer_persistence,5,,73.37037037037038,78.1574074074074,4.787037037037037,19.603946710115956,33.361111111111114,54.123040705643966,45.87695929435604,,,15.36111111111111,11.02324074074074,,,18,5.12037037037037,0.3333333333333333
test,pooled,answer_persistence,5,684,78.94736842105263,80.70175438596492,1.7543859649122806,22.084906770346485,29.093567251461987,74.37185929648241,25.628140703517587,24,12,2.0,6.81140350877193,3382722,2635651,,,
test,environment_macro,answer_persistence,5,,79.69444444444444,81.23148148148148,1.5370370370370372,21.477769095182026,30.15740740740741,59.5750684828699,40.4249315171301,,,3.305555555555556,9.895925925925926,,,18,2.2037037037037037,0.6666666666666666
train,pooled,answer_persistence,6,2052,73.39181286549707,74.95126705653021,1.5594541910331383,14.874656840497867,23.732943469785575,72.68993839835728,27.310061601642712,56,24,2.3333333333333335,7.429337231968811,11208709,9541452,,,
train,environment_macro,answer_persistence,6,,70.11728395061728,71.6574074074074,1.5401234567901234,11.401195802657107,22.487654320987655,55.92889975492783,44.071100245072174,,,2.7695035460992905,10.491265432098764,,,18,2.4104938271604937,0.8703703703703705
dev,pooled,answer_persistence,6,684,72.80701754385964,77.19298245614036,4.385964912280702,17.88762683222286,23.538011695906434,60.869565217391305,39.130434782608695,36,6,6.0,7.681286549707602,3577758,2937782,,,
dev,environment_macro,answer_persistence,6,,73.70370370370371,78.1574074074074,4.453703703703704,17.478809303712794,28.10185185185185,51.19035758920981,48.80964241079019,,,14.361111111111112,11.531481481481482,,,18,4.787037037037037,0.3333333333333333
test,pooled,answer_persistence,6,684,79.67836257309942,80.70175438596492,1.023391812865497,18.531762290841517,23.830409356725145,77.30061349693251,22.699386503067483,17,10,1.7,7.084795321637427,3382722,2755844,,,
test,environment_macro,answer_persistence,6,,80.8425925925926,81.23148148148148,0.3888888888888889,16.39069179281514,24.73148148148148,64.3171944334735,35.6828055665265,,,1.7,10.234907407407407,,,18,0.9444444444444444,0.5555555555555556
train,pooled,answer_persistence,7,2052,73.78167641325535,74.95126705653021,1.1695906432748537,12.183428082574006,19.834307992202728,73.21867321867322,26.781326781326783,45,21,2.142857142857143,7.64766081871345,11208709,9843104,,,
train,environment_macro,answer_persistence,7,,70.26543209876543,71.6574074074074,1.3919753086419753,9.645679886873742,20.15432098765432,60.20857919088007,39.79142080911993,,,3.3128205128205126,10.7004012345679,,,18,1.993827160493827,0.6018518518518519
dev,pooled,answer_persistence,7,684,75.14619883040936,77.19298245614036,2.046783625730994,13.965170366469728,18.42105263157895,64.28571428571429,35.714285714285715,20,6,3.3333333333333335,7.9225146198830405,3577758,3078118,,,
dev,environment_macro,answer_persistence,7,,77.37962962962962,78.1574074074074,0.7777777777777778,12.591130482827221,21.86111111111111,58.88498502849416,41.11501497150584,,,3.3333333333333335,11.95287037037037,,,18,1.1111111111111112,0.3333333333333333
test,pooled,answer_persistence,7,684,79.82456140350877,80.70175438596492,0.8771929824561403,15.19217364004491,21.34502923976608,80.82191780821918,19.17808219178082,14,8,1.75,7.366959064327485,3382722,2868813,,,
test,environment_macro,answer_persistence,7,,80.89814814814815,81.23148148148148,0.3333333333333333,12.558720890675685,22.046296296296294,70.85591196927228,29.14408803072771,,,1.7500000000000002,10.629444444444445,,,18,0.7777777777777779,0.4444444444444444
train,pooled,answer_persistence,8,2052,73.78167641325535,74.95126705653021,1.1695906432748537,9.775157870545128,16.666666666666668,72.51461988304094,27.485380116959064,40,16,2.5,7.827972709551657,11208709,10113040,,,
train,environment_macro,answer_persistence,8,,70.26543209876543,71.6574074074074,1.3919753086419753,7.587732485218455,17.51851851851852,66.43021248903602,33.569787510963984,,,3.7333333333333334,10.892376543209876,,,18,1.9012345679012346,0.5092592592592592
dev,pooled,answer_persistence,8,684,75.73099415204679,77.19298245614036,1.4619883040935673,10.74122397322569,15.350877192982455,64.76190476190476,35.23809523809524,16,6,2.6666666666666665,8.15643274853801,3577758,3193463,,,
dev,environment_macro,answer_persistence,8,,77.60185185185185,78.1574074074074,0.5555555555555556,9.343878940070088,17.675925925925927,69.24430641821947,30.755693581780537,,,2.666666666666667,12.160185185185185,,,18,0.8888888888888888,0.3333333333333333
test,pooled,answer_persistence,8,684,79.97076023391813,80.70175438596492,0.7309941520467836,12.993264004550182,18.567251461988302,82.67716535433071,17.322834645669293,12,7,1.7142857142857142,7.597953216374269,3382722,2943196,,,
test,environment_macro,answer_persistence,8,,80.95370370370371,81.23148148148148,0.2777777777777778,11.214996248211627,20.35185185185185,77.70938552188552,22.290614478114477,,,1.714285714285714,10.850185185185186,,,18,0.6666666666666666,0.38888888888888895
train,pooled,answer_persistence,9,2052,73.73294346978558,74.95126705653021,1.2183235867446394,7.632484704527524,14.132553606237817,71.03448275862068,28.96551724137931,37,12,3.0833333333333335,8.00925925925926,11208709,10353206,,,
train,environment_macro,answer_persistence,9,,70.32407407407408,71.6574074074074,1.3333333333333333,5.511375828463432,14.69753086419753,70.49531874811987,29.504681251880132,,,6.999999999999999,11.103858024691357,,,18,1.5555555555555554,0.2222222222222222
dev,pooled,answer_persistence,9,684,75.73099415204679,77.19298245614036,1.4619883040935673,9.146761742968641,13.596491228070175,65.59139784946237,34.40860215053763,15,5,3.0,8.33187134502924,3577758,3250509,,,
dev,environment_macro,answer_persistence,9,,77.60185185185185,78.1574074074074,0.5555555555555556,8.381972168164802,15.092592592592593,70.93342151675485,29.066578483245152,,,2.9999999999999996,12.32611111111111,,,18,0.8333333333333334,0.2777777777777778
test,pooled,answer_persistence,9,684,79.97076023391813,80.70175438596492,0.7309941520467836,10.653934908041512,16.666666666666668,82.45614035087719,17.54385964912281,11,6,1.8333333333333333,7.840643274853801,3382722,3022329,,,
test,environment_macro,answer_persistence,9,,80.95370370370371,81.23148148148148,0.2777777777777778,9.069135385376754,16.842592592592595,79.00439486139284,20.995605138607168,,,1.8333333333333335,11.098611111111111,,,18,0.6111111111111112,0.3333333333333333
train,pooled,answer_persistence,10,2052,73.92787524366472,74.95126705653021,1.023391812865497,6.140038072181194,11.549707602339181,72.9957805907173,27.0042194092827,29,8,3.625,8.14571150097466,11208709,10520490,,,
train,environment_macro,answer_persistence,10,,70.39814814814815,71.6574074074074,1.259259259259259,4.167824189024564,11.49074074074074,69.6033351451068,30.3966648548932,,,9.499999999999998,11.241234567901236,,,18,1.4074074074074072,0.14814814814814817
dev,pooled,answer_persistence,10,684,75.58479532163743,77.19298245614036,1.608187134502924,6.833217897912603,12.719298245614034,65.51724137931035,34.48275862068966,15,4,3.75,8.466374269005849,3577758,3333282,,,
dev,environment_macro,answer_persistence,10,,77.54629629629629,78.1574074074074,0.6111111111111112,4.619651389450163,12.148148148148149,74.44588744588745,25.554112554112553,,,3.75,12.45037037037037,,,18,0.8333333333333334,0.2222222222222222
test,pooled,answer_persistence,10,684,79.97076023391813,80.70175438596492,0.7309941520467836,8.991900605488716,14.035087719298245,83.33333333333333,16.666666666666668,9,4,2.25,8.008771929824562,3382722,3078551,,,
test,environment_macro,answer_persistence,10,,80.95370370370371,81.23148148148148,0.2777777777777778,7.783221388564166,13.694444444444445,71.63669663669664,28.363303363303363,,,2.25,11.246111111111112,,,18,0.5,0.2222222222222222
train,pooled,answer_persistence,11,2052,74.17153996101365,74.95126705653021,0.7797270955165692,4.970964988028506,10.185185185185185,75.11961722488039,24.880382775119617,24,8,3.0,8.262670565302145,11208709,10651528,,,
train,environment_macro,answer_persistence,11,,70.49074074074073,71.6574074074074,1.1666666666666667,3.3586918772243557,10.546296296296298,75.35251633612289,24.647483663877104,,,8.875,11.354567901234567,,,18,1.3148148148148149,0.14814814814814817
dev,pooled,answer_persistence,11,684,75.87719298245614,77.19298245614036,1.3157894736842106,5.694208495935164,10.67251461988304,64.38356164383562,35.61643835616438,13,4,3.25,8.60672514619883,3577758,3374033,,,
dev,environment_macro,answer_persistence,11,,77.6574074074074,78.1574074074074,0.5,3.8714140196685736,11.370370370370372,71.58135981665394,28.418640183346067,,,3.25,12.679074074074073,,,18,0.7222222222222222,0.2222222222222222
test,pooled,answer_persistence,11,684,80.11695906432749,80.70175438596492,0.5847953216374269,7.403298290548262,11.988304093567251,84.14634146341463,15.853658536585366,8,4,2.0,8.160818713450292,3382722,3132289,,,
test,environment_macro,answer_persistence,11,,81.00925925925927,81.23148148148148,0.2222222222222222,6.852708667129907,12.916666666666666,73.15033451397088,26.84966548602912,,,2.0,11.3875,,,18,0.4444444444444444,0.2222222222222222
train,pooled,answer_persistence,12,2052,74.07407407407408,74.95126705653021,0.8771929824561403,3.9608397363157524,9.064327485380117,73.65591397849462,26.344086021505376,23,5,4.6,8.366959064327485,11208709,10764750,,,
train,environment_macro,answer_persistence,12,,70.45370370370371,71.6574074074074,1.2037037037037035,2.746886394926535,9.694444444444445,74.95870357712464,25.04129642287537,,,14.0,11.456697530864197,,,18,1.2962962962962963,0.0925925925925926
dev,pooled,answer_persistence,12,684,76.16959064327486,77.19298245614036,1.023391812865497,4.263619842370558,9.210526315789474,66.66666666666667,33.333333333333336,11,4,2.75,8.698830409356725,3577758,3425216,,,
dev,environment_macro,answer_persistence,12,,77.76851851851852,78.1574074074074,0.3888888888888889,2.4779443355617996,9.537037037037038,76.55971479500892,23.44028520499109,,,2.75,12.774444444444445,,,18,0.6111111111111112,0.2222222222222222
test,pooled,answer_persistence,12,684,80.11695906432749,80.70175438596492,0.5847953216374269,5.988993479215851,11.11111111111111,86.84210526315789,13.157894736842104,8,4,2.0,8.283625730994151,3382722,3180131,,,
test,environment_macro,answer_persistence,12,,81.00925925925927,81.23148148148148,0.2222222222222222,4.19932693942128,10.666666666666666,85.73809523809524,14.261904761904763,,,2.0,11.517777777777777,,,18,0.4444444444444444,0.2222222222222222
train,pooled,answer_persistence,13,2052,74.317738791423,74.95126705653021,0.6335282651072125,3.104336101508211,7.748538011695906,75.47169811320755,24.528301886792452,17,4,4.25,8.450292397660819,11208709,10860753,,,
train,environment_macro,answer_persistence,13,,71.12654320987654,71.6574074074074,0.5308641975308642,2.0594861066242305,8.401234567901234,81.26200893580572,18.737991064194272,,,8.166666666666666,11.551635802469136,,,18,0.6049382716049382,0.07407407407407408
dev,pooled,answer_persistence,13,684,76.46198830409357,77.19298245614036,0.7309941520467836,2.9741251364681456,7.309941520467836,70.0,30.0,8,3,2.6666666666666665,8.814327485380117,3577758,3471351,,,
dev,environment_macro,answer_persistence,13,,77.87962962962962,78.1574074074074,0.2777777777777778,1.7293774499654597,7.537037037037038,82.10477941176471,17.895220588235293,,,2.666666666666667,12.865925925925927,,,18,0.4444444444444444,0.16666666666666666
test,pooled,answer_persistence,13,684,80.26315789473684,80.70175438596492,0.43859649122807015,4.613917430991965,9.35672514619883,89.0625,10.9375,5,2,2.5,8.37719298245614,3382722,3226646,,,
test,environment_macro,answer_persistence,13,,81.06481481481482,81.23148148148148,0.16666666666666666,3.4337728544967128,9.36111111111111,85.21630874572051,14.78369125427949,,,2.5,11.61138888888889,,,18,0.2777777777777778,0.1111111111111111
train,pooled,answer_persistence,14,2052,74.22027290448344,74.95126705653021,0.7309941520467836,2.2846966586428463,6.920077972709552,76.05633802816901,23.943661971830984,17,2,8.5,8.524853801169591,11208709,10952624,,,
train,environment_macro,answer_persistence,14,,71.0895061728395,71.6574074074074,0.5679012345679012,1.3272829209788441,7.796296296296297,89.30714022819286,10.69285977180714,,,16.333333333333332,11.64033950617284,,,18,0.6049382716049382,0.03703703703703704
dev,pooled,answer_persistence,14,684,76.46198830409357,77.19298245614036,0.7309941520467836,2.2040059724553758,6.432748538011696,72.72727272727273,27.272727272727273,7,2,3.5,8.878654970760234,3577758,3498904,,,
dev,environment_macro,answer_persistence,14,,77.87962962962962,78.1574074074074,0.2777777777777778,1.330175215246002,6.333333333333333,80.6959706959707,19.304029304029307,,,3.4999999999999996,12.92925925925926,,,18,0.38888888888888884,0.1111111111111111
test,pooled,answer_persistence,14,684,80.26315789473684,80.70175438596492,0.43859649122807015,3.6869716163492003,8.333333333333334,87.71929824561404,12.280701754385966,5,2,2.5,8.470760233918128,3382722,3258002,,,
test,environment_macro,answer_persistence,14,,81.06481481481482,81.23148148148148,0.16666666666666666,2.6493022750248167,7.462962962962964,82.91666666666667,17.083333333333332,,,2.5,11.73462962962963,,,18,0.2777777777777778,0.1111111111111111
train,pooled,answer_persistence,15,2052,74.26900584795321,74.95126705653021,0.682261208576998,1.7406464919376532,6.189083820662768,75.59055118110236,24.409448818897637,16,2,8.0,8.587719298245615,11208709,11013605,,,
train,environment_macro,answer_persistence,15,,71.10802469135803,71.6574074074074,0.5493827160493827,1.0323029754482003,7.305555555555555,89.04761904761905,10.952380952380953,,,15.833333333333332,11.713765432098764,,,18,0.5864197530864197,0.03703703703703704
dev,pooled,answer_persistence,15,684,76.60818713450293,77.19298245614036,0.5847953216374269,1.703413143091288,5.701754385964913,71.7948717948718,28.205128205128204,6,2,3.0,8.935672514619883,3577758,3516814,,,
dev,environment_macro,answer_persistence,15,,77.93518518518518,78.1574074074074,0.2222222222222222,0.9473322471732986,4.314814814814815,69.37321937321937,30.626780626780626,,,3.0,12.972407407407408,,,18,0.3333333333333333,0.1111111111111111
test,pooled,answer_persistence,15,684,80.4093567251462,80.70175438596492,0.29239766081871343,2.3262035721528402,6.871345029239766,89.36170212765957,10.638297872340425,4,2,2.0,8.539473684210526,3382722,3304033,,,
test,environment_macro,answer_persistence,15,,81.12037037037038,81.23148148148148,0.1111111111111111,1.3061432874483168,6.268518518518519,94.02319902319903,5.976800976800977,,,2.0,11.797314814814815,,,18,0.2222222222222222,0.1111111111111111
train,pooled,answer_persistence,16,2052,74.36647173489278,74.95126705653021,0.5847953216374269,1.0719789406612306,5.0682261208577,74.03846153846153,25.96153846153846,14,2,7.0,8.641325536062379,11208709,11088554,,,
train,environment_macro,answer_persistence,16,,71.14506172839506,71.6574074074074,0.5123456790123456,0.5063367668691818,6.16358024691358,87.57264225030342,12.42735774969658,,,14.833333333333332,11.776512345679013,,,18,0.5493827160493827,0.03703703703703704
dev,pooled,answer_persistence,16,684,76.75438596491227,77.19298245614036,0.43859649122807015,1.3817312406261129,5.116959064327485,71.42857142857143,28.571428571428573,5,2,2.5,8.986842105263158,3577758,3528323,,,
dev,environment_macro,answer_persistence,16,,77.99074074074073,78.1574074074074,0.16666666666666666,0.786172484788874,4.092592592592593,63.333333333333336,36.66666666666667,,,2.5,13.013333333333334,,,18,0.2777777777777778,0.1111111111111111
test,pooled,answer_persistence,16,684,80.4093567251462,80.70175438596492,0.29239766081871343,1.7584063957960483,5.994152046783626,87.8048780487805,12.195121951219512,4,2,2.0,8.599415204678362,3382722,3323240,,,
test,environment_macro,answer_persistence,16,,81.12037037037038,81.23148148148148,0.1111111111111111,1.04286723480607,5.935185185185186,92.63329263329263,7.366707366707367,,,2.0,11.856666666666666,,,18,0.2222222222222222,0.1111111111111111
train,pooled,answer_persistence,17,2052,74.61013645224172,74.95126705653021,0.341130604288499,0.5217014733811004,3.898635477582846,73.75,26.25,9,2,4.5,8.687621832358674,11208709,11150233,,,
train,environment_macro,answer_persistence,17,,71.52777777777777,71.6574074074074,0.12962962962962965,-0.07188947323251588,3.842592592592593,89.86745943267682,10.132540567323176,,,4.499999999999999,11.843827160493827,,,18,0.16666666666666666,0.03703703703703704
dev,pooled,answer_persistence,17,684,76.75438596491227,77.19298245614036,0.43859649122807015,0.5975529926842452,4.5321637426900585,70.96774193548387,29.032258064516128,5,2,2.5,9.051169590643275,3577758,3556379,,,
dev,environment_macro,answer_persistence,17,,77.99074074074073,78.1574074074074,0.16666666666666666,-0.4901863954245044,3.0,76.94805194805195,23.051948051948052,,,2.5,13.050555555555555,,,18,0.2777777777777778,0.1111111111111111
test,pooled,answer_persistence,17,684,80.4093567251462,80.70175438596492,0.29239766081871343,1.3998785593377168,5.701754385964913,89.74358974358974,10.256410256410257,4,2,2.0,8.65643274853801,3382722,3335368,,,
test,environment_macro,answer_persistence,17,,81.12037037037038,81.23148148148148,0.1111111111111111,0.8424248276914575,5.824074074074074,94.07051282051282,5.92948717948718,,,2.0,11.914907407407407,,,18,0.2222222222222222,0.1111111111111111
train,pooled,answer_persistence,18,2052,74.6588693957115,74.95126705653021,0.29239766081871343,0.14573489239483334,3.508771929824561,76.38888888888889,23.61111111111111,8,2,4.0,8.72270955165692,11208709,11192374,,,
train,environment_macro,answer_persistence,18,,71.54629629629629,71.6574074074074,0.1111111111111111,-0.23116055793683948,3.6944444444444446,90.75757575757575,9.242424242424242,,,4.0,11.880771604938271,,,18,0.14814814814814817,0.03703703703703704
dev,pooled,answer_persistence,18,684,77.19298245614036,77.19298245614036,0.0,0.006540408825862453,3.654970760233918,76.0,24.0,2,2,1.0,9.087719298245615,3577758,3577524,,,
dev,environment_macro,answer_persistence,18,,78.1574074074074,78.1574074074074,0.0,-0.8017580050929082,2.6666666666666665,81.11111111111111,18.88888888888889,,,1.0,13.077222222222222,,,18,0.1111111111111111,0.1111111111111111
test,pooled,answer_persistence,18,684,80.55555555555556,80.70175438596492,0.14619883040935672,0.6304390369649058,4.385964912280702,93.33333333333333,6.666666666666667,2,1,2.0,8.700292397660819,3382722,3361396,,,
test,environment_macro,answer_persistence,18,,81.17592592592592,81.23148148148148,0.05555555555555555,0.13928883567146083,4.453703703703704,95.47619047619048,4.523809523809524,,,2.0,11.959444444444445,,,18,0.1111111111111111,0.05555555555555555
train,pooled,answer_persistence,19,2052,74.70760233918129,74.95126705653021,0.24366471734892786,-0.20422512530211998,2.8265107212475633,75.86206896551724,24.137931034482758,7,2,3.5,8.751461988304094,11208709,11231600,,,
train,environment_macro,answer_persistence,19,,71.56481481481482,71.6574074074074,0.09259259259259259,-0.5779223348750638,2.5833333333333335,89.97807017543859,10.021929824561404,,,3.5,11.90679012345679,,,18,0.12962962962962965,0.03703703703703704
dev,pooled,answer_persistence,19,684,77.19298245614036,77.19298245614036,0.0,-0.24604794399174007,3.216374269005848,72.72727272727273,27.272727272727273,2,2,1.0,9.119883040935672,3577758,3586561,,,
dev,environment_macro,answer_persistence,19,,78.1574074074074,78.1574074074074,0.0,-1.2392695205455626,1.2222222222222223,72.96296296296296,27.037037037037038,,,1.0,13.089444444444446,,,18,0.1111111111111111,0.1111111111111111
test,pooled,answer_persistence,19,684,80.70175438596492,80.70175438596492,0.0,0.4047627916216585,3.801169590643275,96.15384615384616,3.8461538461538463,1,1,1.0,8.738304093567251,3382722,3369030,,,
test,environment_macro,answer_persistence,19,,81.23148148148148,81.23148148148148,0.0,0.030229281105295516,4.231481481481482,97.14285714285714,2.857142857142857,,,1.0,12.00175925925926,,,18,0.05555555555555555,0.05555555555555555
train,pooled,answer_persistence,20,2052,74.80506822612085,74.95126705653021,0.14619883040935672,-0.4343943624551231,2.4366471734892787,78.0,22.0,5,2,2.5,8.775828460038987,11208709,11257399,,,
train,environment_macro,answer_persistence,20,,71.60185185185185,71.6574074074074,0.05555555555555555,-0.6961993990975354,2.435185185185185,90.21897220426632,9.781027795733678,,,2.5,11.931141975308641,,,18,0.0925925925925926,0.03703703703703704
dev,pooled,answer_persistence,20,684,77.19298245614036,77.19298245614036,0.0,-0.3525112654349456,3.0701754385964914,71.42857142857143,28.571428571428573,2,2,1.0,9.150584795321638,3577758,3590370,,,
dev,environment_macro,answer_persistence,20,,78.1574074074074,78.1574074074074,0.0,-1.2789797965365168,1.1666666666666667,72.5,27.5,,,1.0,13.101111111111111,,,18,0.1111111111111111,0.1111111111111111
test,pooled,answer_persistence,20,684,80.84795321637426,80.70175438596492,-0.14619883040935672,-0.130664003722446,3.0701754385964914,100.0,0.0,0,1,0.0,8.771929824561404,3382722,3387142,,,
test,environment_macro,answer_persistence,20,,81.28703703703704,81.23148148148148,-0.05555555555555555,-0.8045610483781335,2.4444444444444446,100.0,0.0,,,0.0,12.044722222222223,,,18,0.0,0.05555555555555555
train,pooled,answer_persistence,21,2052,74.90253411306043,74.95126705653021,0.04873294346978557,-0.7158183872915248,2.1442495126705654,86.36363636363636,13.636363636363637,3,2,1.5,8.797270955165692,11208709,11288943,,,
train,environment_macro,answer_persistence,21,,71.63888888888889,71.6574074074074,0.018518518518518517,-0.9051081819701111,2.033950617283951,92.85714285714286,7.142857142857143,,,1.5,11.951481481481482,,,18,0.05555555555555555,0.03703703703703704
dev,pooled,answer_persistence,21,684,77.19298245614036,77.19298245614036,0.0,-0.5879659831659939,2.6315789473684212,72.22222222222223,27.77777777777778,2,2,1.0,9.176900584795321,3577758,3598794,,,
dev,environment_macro,answer_persistence,21,,78.1574074074074,78.1574074074074,0.0,-1.3675679834139132,1.0,79.16666666666667,20.833333333333332,,,1.0,13.11111111111111,,,18,0.1111111111111111,0.1111111111111111
test,pooled,answer_persistence,21,684,80.70175438596492,80.70175438596492,0.0,-0.3934701107569584,2.3391812865497075,100.0,0.0,0,0,inf,8.7953216374269,3382722,3396032,,,
test,environment_macro,answer_persistence,21,,81.23148148148148,81.23148148148148,0.0,-0.9291560754348586,2.1666666666666665,100.0,0.0,,,inf,12.066388888888888,,,18,0.0,0.0
train,pooled,answer_persistence,22,2052,74.90253411306043,74.95126705653021,0.04873294346978557,-1.0386923239777213,1.4132553606237817,82.75862068965517,17.24137931034483,2,1,2.0,8.81140350877193,11208709,11325133,,,
train,environment_macro,answer_persistence,22,,71.63888888888889,71.6574074074074,0.018518518518518517,-1.0860379218865537,1.175925925925926,88.28571428571429,11.714285714285714,,,2.0,11.96324074074074,,,18,0.03703703703703704,0.01851851851851852
dev,pooled,answer_persistence,22,684,77.19298245614036,77.19298245614036,0.0,-0.6715658241837485,2.4853801169590644,70.58823529411765,29.41176470588235,2,2,1.0,9.201754385964913,3577758,3601785,,,
dev,environment_macro,answer_persistence,22,,78.1574074074074,78.1574074074074,0.0,-1.399005364032761,0.9444444444444444,78.57142857142857,21.42857142857143,,,1.0,13.120555555555555,,,18,0.1111111111111111,0.1111111111111111
test,pooled,answer_persistence,22,684,80.70175438596492,80.70175438596492,0.0,-0.5440884589392803,2.192982456140351,100.0,0.0,0,0,inf,8.817251461988304,3382722,3401127,,,
test,environment_macro,answer_persistence,22,,81.23148148148148,81.23148148148148,0.0,-0.9890616061274247,2.111111111111111,100.0,0.0,,,inf,12.087499999999999,,,18,0.0,0.0
train,pooled,answer_persistence,23,2052,74.90253411306043,74.95126705653021,0.04873294346978557,-1.2263856613638555,1.267056530214425,80.76923076923077,19.23076923076923,2,1,2.0,8.824561403508772,11208709,11346171,,,
train,environment_macro,answer_persistence,23,,71.63888888888889,71.6574074074074,0.018518518518518517,-1.1783611357096018,1.1203703703703705,87.61904761904762,12.380952380952383,,,2.0,11.974629629629629,,,18,0.03703703703703704,0.01851851851851852
dev,pooled,answer_persistence,23,684,77.19298245614036,77.19298245614036,0.0,-0.9297722204799765,1.9005847953216375,69.23076923076923,30.76923076923077,2,2,1.0,9.220760233918128,3577758,3611023,,,
dev,environment_macro,answer_persistence,23,,78.1574074074074,78.1574074074074,0.0,-1.497256210185383,0.7222222222222222,77.77777777777777,22.222222222222225,,,1.0,13.127777777777778,,,18,0.1111111111111111,0.1111111111111111
test,pooled,answer_persistence,23,684,80.70175438596492,80.70175438596492,0.0,-0.9877548317597485,1.608187134502924,100.0,0.0,0,0,inf,8.833333333333334,3382722,3416135,,,
test,environment_macro,answer_persistence,23,,81.23148148148148,81.23148148148148,0.0,-1.2841393516332744,1.25,100.0,0.0,,,inf,12.100000000000001,,,18,0.0,0.0
train,pooled,answer_persistence,24,2052,74.90253411306043,74.95126705653021,0.04873294346978557,-1.379008055254178,0.9259259259259259,73.6842105263158,26.31578947368421,2,1,2.0,8.833820662768032,11208709,11363278,,,
train,environment_macro,answer_persistence,24,,71.63888888888889,71.6574074074074,0.018518518518518517,-1.433438607266054,0.5648148148148149,82.14285714285714,17.857142857142858,,,2.0,11.98027777777778,,,18,0.03703703703703704,0.01851851851851852
dev,pooled,answer_persistence,24,684,77.19298245614036,77.19298245614036,0.0,-1.055633164680227,1.608187134502924,63.63636363636363,36.36363636363637,2,2,1.0,9.236842105263158,3577758,3615526,,,
dev,environment_macro,answer_persistence,24,,78.1574074074074,78.1574074074074,0.0,-1.5438125352637373,0.6111111111111112,75.0,25.0,,,1.0,13.133888888888889,,,18,0.1111111111111111,0.1111111111111111
test,pooled,answer_persistence,24,684,80.70175438596492,80.70175438596492,0.0,-1.1014798141851443,1.4619883040935673,100.0,0.0,0,0,inf,8.853801169590643,3382722,3419982,,,
test,environment_macro,answer_persistence,24,,81.23148148148148,81.23148148148148,0.0,-1.5885573354710294,0.5555555555555556,100.0,0.0,,,inf,12.133333333333333,,,18,0.0,0.0
train,pooled,answer_persistence,25,2052,74.85380116959064,74.95126705653021,0.09746588693957114,-1.4755490574338221,0.7797270955165692,68.75,31.25,2,0,inf,8.841617933723198,11208709,11374099,,,
train,environment_macro,answer_persistence,25,,71.62037037037038,71.6574074074074,0.037037037037037035,-1.479173421333534,0.5092592592592593,79.16666666666667,20.833333333333336,,,inf,11.98537037037037,,,18,0.03703703703703704,0.0
dev,pooled,answer_persistence,25,684,77.3391812865497,77.19298245614036,-0.14619883040935672,-1.1907177623528478,1.3157894736842106,66.66666666666667,33.333333333333336,1,2,0.5,9.25,3577758,3620359,,,
dev,environment_macro,answer_persistence,25,,78.21296296296296,78.1574074074074,-0.05555555555555555,-1.595337565924664,0.5,67.5,32.5,,,0.5,13.13888888888889,,,18,0.05555555555555555,0.1111111111111111
test,pooled,answer_persistence,25,684,80.70175438596492,80.70175438596492,0.0,-1.3319155402069693,1.1695906432748537,100.0,0.0,0,0,inf,8.865497076023392,3382722,3427777,,,
test,environment_macro,answer_persistence,25,,81.23148148148148,81.23148148148148,0.0,-1.6737379795807956,0.4444444444444444,100.0,0.0,,,inf,12.137777777777778,,,18,0.0,0.0
train,pooled,answer_persistence,26,2052,74.90253411306043,74.95126705653021,0.04873294346978557,-1.5346013532869842,0.682261208576998,71.42857142857143,28.571428571428573,1,0,inf,8.848440545808966,11208709,11380718,,,
train,environment_macro,answer_persistence,26,,71.63888888888889,71.6574074074074,0.018518518518518517,-1.5021377700046077,0.4722222222222222,82.5,17.5,,,inf,11.990092592592593,,,18,0.01851851851851852,0.0
dev,pooled,answer_persistence,26,684,77.3391812865497,77.19298245614036,-0.14619883040935672,-1.3462341499900217,1.1695906432748537,75.0,25.0,1,2,0.5,9.261695906432749,3577758,3625923,,,
dev,environment_macro,answer_persistence,26,,78.21296296296296,78.1574074074074,-0.05555555555555555,-1.6551024642890537,0.4444444444444444,75.0,25.0,,,0.5,13.143333333333334,,,18,0.05555555555555555,0.1111111111111111
test,pooled,answer_persistence,26,684,80.70175438596492,80.70175438596492,0.0,-1.4524397807446192,0.8771929824561403,100.0,0.0,0,0,inf,8.874269005847953,3382722,3431854,,,
test,environment_macro,answer_persistence,26,,81.23148148148148,81.23148148148148,0.0,-1.7178172302863337,0.3333333333333333,100.0,0.0,,,inf,12.14111111111111,,,18,0.0,0.0
train,pooled,answer_persistence,27,2052,74.95126705653021,74.95126705653021,0.0,-1.756437784226533,0.43859649122807015,88.88888888888889,11.11111111111111,0,0,inf,8.85428849902534,11208709,11405583,,,
train,environment_macro,answer_persistence,27,,71.6574074074074,71.6574074074074,0.0,-1.5880152257277225,0.37962962962962965,91.66666666666667,8.333333333333334,,,inf,11.994444444444445,,,18,0.0,0.0
dev,pooled,answer_persistence,27,684,77.3391812865497,77.19298245614036,-0.14619883040935672,-1.7839663834166537,0.8771929824561403,83.33333333333333,16.666666666666668,1,2,0.5,9.27046783625731,3577758,3641584,,,
dev,environment_macro,answer_persistence,27,,78.21296296296296,78.1574074074074,-0.05555555555555555,-1.8164290815739181,0.3333333333333333,87.5,12.5,,,0.5,13.146666666666667,,,18,0.05555555555555555,0.1111111111111111
test,pooled,answer_persistence,27,684,80.70175438596492,80.70175438596492,0.0,-1.7166057394015826,0.5847953216374269,100.0,0.0,0,0,inf,8.880116959064328,3382722,3440790,,,
test,environment_macro,answer_persistence,27,,81.23148148148148,81.23148148148148,0.0,-1.8156815380699283,0.2222222222222222,100.0,0.0,,,inf,12.143333333333334,,,18,0.0,0.0
train,pooled,answer_persistence,28,2052,74.95126705653021,74.95126705653021,0.0,-1.796103369264025,0.29239766081871343,100.0,0.0,0,0,inf,8.857212475633528,11208709,11410029,,,
train,environment_macro,answer_persistence,28,,71.6574074074074,71.6574074074074,0.0,-1.6038781398818798,0.3240740740740741,100.0,0.0,,,inf,11.997685185185185,,,18,0.0,0.0
dev,pooled,answer_persistence,28,684,77.3391812865497,77.19298245614036,-0.14619883040935672,-2.053492718065336,0.43859649122807015,66.66666666666667,33.333333333333336,1,2,0.5,9.274853801169591,3577758,3651227,,,
dev,environment_macro,answer_persistence,28,,78.21296296296296,78.1574074074074,-0.05555555555555555,-1.9194775025890456,0.16666666666666666,75.0,25.0,,,0.5,13.148333333333333,,,18,0.05555555555555555,0.1111111111111111
test,pooled,answer_persistence,28,684,80.70175438596492,80.70175438596492,0.0,-1.7280462302252446,0.5847953216374269,100.0,0.0,0,0,inf,8.885964912280702,3382722,3441177,,,
test,environment_macro,answer_persistence,28,,81.23148148148148,81.23148148148148,0.0,-1.8198573908141509,0.2222222222222222,100.0,0.0,,,inf,12.145555555555555,,,18,0.0,0.0
train,pooled,answer_persistence,29,2052,74.95126705653021,74.95126705653021,0.0,-1.8540583041276208,0.14619883040935672,100.0,0.0,0,0,inf,8.858674463937621,11208709,11416525,,,
train,environment_macro,answer_persistence,29,,71.6574074074074,71.6574074074074,0.0,-1.627869583959828,0.26851851851851855,100.0,0.0,,,inf,12.00037037037037,,,18,0.0,0.0
dev,pooled,answer_persistence,29,684,77.3391812865497,77.19298245614036,-0.14619883040935672,-2.0548622908536576,0.43859649122807015,66.66666666666667,33.333333333333336,1,2,0.5,9.279239766081872,3577758,3651276,,,
dev,environment_macro,answer_persistence,29,,78.21296296296296,78.1574074074074,-0.05555555555555555,-1.9200004778109785,0.16666666666666666,75.0,25.0,,,0.5,13.149999999999999,,,18,0.05555555555555555,0.1111111111111111
test,pooled,answer_persistence,29,684,80.70175438596492,80.70175438596492,0.0,-1.9715187946275219,0.14619883040935672,100.0,0.0,0,0,inf,8.887426900584796,3382722,3449413,,,
test,environment_macro,answer_persistence,29,,81.23148148148148,81.23148148148148,0.0,-1.909801069060103,0.05555555555555555,100.0,0.0,,,inf,12.14611111111111,,,18,0.0,0.0
train,pooled,answer_persistence,30,2052,74.95126705653021,74.95126705653021,0.0,-1.911361959704726,0.04873294346978557,100.0,0.0,0,0,inf,8.85916179337232,11208709,11422948,,,
train,environment_macro,answer_persistence,30,,71.6574074074074,71.6574074074074,0.0,-1.731047177402803,0.018518518518518517,100.0,0.0,,,inf,12.000555555555556,,,18,0.0,0.0
dev,pooled,answer_persistence,30,684,77.19298245614036,77.19298245614036,0.0,-2.173512015066419,0.0,nan,nan,0,0,inf,9.279239766081872,3577758,3655521,,,
dev,environment_macro,answer_persistence,30,,78.1574074074074,78.1574074074074,0.0,-1.9655604588014919,0.0,nan,nan,,,inf,13.149999999999999,,,18,0.0,0.0
test,pooled,answer_persistence,30,684,80.70175438596492,80.70175438596492,0.0,-1.9717552905618612,0.14619883040935672,100.0,0.0,0,0,inf,8.88888888888889,3382722,3449421,,,
test,environment_macro,answer_persistence,30,,81.23148148148148,81.23148148148148,0.0,-1.909888897161187,0.05555555555555555,100.0,0.0,,,inf,12.146666666666668,,,18,0.0,0.0
train,pooled,tje_confidence,1,2052,74.17153996101365,74.95126705653021,0.7797270955165692,0.35282386223069934,1.6569200779727096,17.647058823529413,82.3529411764706,17,1,17.0,8.803606237816764,11208709,11169162,,,
train,environment_macro,tje_confidence,1,,71.14814814814815,71.6574074074074,0.5092592592592593,0.6857617731633682,1.6358024691358024,27.48917748917749,72.5108225108225,,,28.5,11.962993827160494,,,18,0.5277777777777778,0.01851851851851852
dev,pooled,tje_confidence,1,684,76.3157894736842,77.19298245614036,0.8771929824561403,0.2833897653223052,1.9005847953216375,7.6923076923076925,92.3076923076923,7,1,7.0,9.216374269005849,3577758,3567619,,,
dev,environment_macro,tje_confidence,1,,77.82407407407408,78.1574074074074,0.3333333333333333,1.189293730450548,2.0,20.0,80.0,,,1.48,13.062222222222223,,,18,1.0277777777777777,0.6944444444444444
test,pooled,tje_confidence,1,684,78.80116959064327,80.70175438596492,1.9005847953216375,1.9301615681099422,2.7777777777777777,10.526315789473685,89.47368421052632,13,0,inf,8.769005847953217,3382722,3317430,,,
test,environment_macro,tje_confidence,1,,76.1574074074074,81.23148148148148,5.074074074074074,3.9229963735700673,6.277777777777778,17.142857142857142,82.85714285714286,,,inf,11.900925925925925,,,18,5.0740740740740735,0.0
train,pooled,tje_confidence,2,2052,71.9298245614035,74.95126705653021,3.021442495126706,11.098976697494779,10.623781676413255,38.53211009174312,61.46788990825688,73,11,6.636363636363637,8.216374269005849,11208709,9964657,,,
train,environment_macro,tje_confidence,2,,68.63271604938272,71.6574074074074,3.0246913580246915,13.879649255667692,15.046296296296298,37.34115481941569,62.65884518058431,,,5.803921568627452,11.060185185185185,,,18,3.6543209876543212,0.6296296296296295
dev,pooled,tje_confidence,2,684,74.70760233918129,77.19298245614036,2.4853801169590644,12.708154100976087,10.526315789473685,38.888888888888886,61.111111111111114,24,7,3.4285714285714284,8.609649122807017,3577758,3123091,,,
dev,environment_macro,tje_confidence,2,,73.32407407407408,78.1574074074074,4.833333333333333,14.107296705804792,13.287037037037038,35.247252747252745,64.75274725274726,,,5.702702702702703,12.437592592592592,,,18,5.861111111111111,1.0277777777777777
test,pooled,tje_confidence,2,684,76.75438596491227,80.70175438596492,3.9473684210526314,13.89865912717628,11.695906432748538,41.25,58.75,31,4,7.75,8.220760233918128,3382722,2912569,,,
test,environment_macro,tje_confidence,2,,73.0,81.23148148148148,8.231481481481483,16.071039797270956,17.444444444444443,43.74149659863946,56.25850340136054,,,38.041666666666664,11.136574074074074,,,18,8.453703703703704,0.2222222222222222
train,pooled,tje_confidence,3,2052,71.9298245614035,74.95126705653021,3.021442495126706,11.098976697494779,10.623781676413255,38.53211009174312,61.46788990825688,73,11,6.636363636363637,8.216374269005849,11208709,9964657,,,
train,environment_macro,tje_confidence,3,,68.63271604938272,71.6574074074074,3.0246913580246915,13.879649255667692,15.046296296296298,37.34115481941569,62.65884518058431,,,5.803921568627452,11.060185185185185,,,18,3.6543209876543212,0.6296296296296295
dev,pooled,tje_confidence,3,684,74.70760233918129,77.19298245614036,2.4853801169590644,12.708154100976087,10.526315789473685,38.888888888888886,61.111111111111114,24,7,3.4285714285714284,8.609649122807017,3577758,3123091,,,
dev,environment_macro,tje_confidence,3,,73.32407407407408,78.1574074074074,4.833333333333333,14.107296705804792,13.287037037037038,35.247252747252745,64.75274725274726,,,5.702702702702703,12.437592592592592,,,18,5.861111111111111,1.0277777777777777
test,pooled,tje_confidence,3,684,76.75438596491227,80.70175438596492,3.9473684210526314,13.89865912717628,11.695906432748538,41.25,58.75,31,4,7.75,8.220760233918128,3382722,2912569,,,
test,environment_macro,tje_confidence,3,,73.0,81.23148148148148,8.231481481481483,16.071039797270956,17.444444444444443,43.74149659863946,56.25850340136054,,,38.041666666666664,11.136574074074074,,,18,8.453703703703704,0.2222222222222222
train,pooled,tje_confidence,4,2052,67.54385964912281,74.95126705653021,7.407407407407407,20.511934068410554,19.931773879142302,32.27383863080684,67.72616136919315,172,20,8.6,7.858674463937622,11208709,8909586,,,
train,environment_macro,tje_confidence,4,,63.23148148148149,71.6574074074074,8.425925925925926,23.902220910619107,24.969135802469136,36.36174998475989,63.63825001524011,,,7.893939393939394,10.619135802469136,,,18,9.648148148148147,1.2222222222222223
dev,pooled,tje_confidence,4,684,68.71345029239767,77.19298245614036,8.47953216374269,22.815768981580085,20.17543859649123,29.71014492753623,70.28985507246377,66,8,8.25,8.152046783625732,3577758,2761465,,,
dev,environment_macro,tje_confidence,4,,65.24074074074073,78.1574074074074,12.916666666666666,27.69249348904572,28.15740740740741,38.126115264046305,61.873884735953695,,,12.923076923076923,11.675092592592593,,,18,14.0,1.0833333333333333
test,pooled,tje_confidence,4,684,71.9298245614035,80.70175438596492,8.771929824561404,23.749039974316542,20.760233918128655,34.50704225352113,65.49295774647888,64,4,16.0,7.79093567251462,3382722,2579358,,,
test,environment_macro,tje_confidence,4,,65.30555555555556,81.23148148148148,15.925925925925927,29.127197083900164,30.175925925925924,43.21000957854406,56.78999042145594,,,72.66666666666667,10.470092592592593,,,18,16.14814814814815,0.2222222222222222
train,pooled,tje_confidence,5,2052,66.61793372319688,74.95126705653021,8.333333333333334,29.304561301395193,27.43664717348928,40.14209591474245,59.85790408525755,195,24,8.125,6.9410331384015596,11208709,7924046,,,
train,environment_macro,tje_confidence,5,,62.00925925925927,71.6574074074074,9.648148148148147,30.851445786765794,32.367283950617285,38.12007449604433,61.87992550395567,,,8.442857142857143,9.661574074074075,,,18,10.944444444444445,1.2962962962962963
dev,pooled,tje_confidence,5,684,66.95906432748538,77.19298245614036,10.23391812865497,31.59596037518468,27.77777777777778,35.78947368421053,64.21052631578948,78,8,9.75,7.118421052631579,3577758,2447331,,,
dev,environment_macro,tje_confidence,5,,62.833333333333336,78.1574074074074,15.324074074074076,35.799633490440506,36.44444444444444,42.214627114052405,57.785372885947595,,,15.145299145299143,10.499907407407408,,,18,16.407407407407405,1.0833333333333333
test,pooled,tje_confidence,5,684,71.19883040935673,80.70175438596492,9.502923976608187,33.73505123980038,29.239766081871345,44.5,55.5,72,7,10.285714285714286,6.714912280701754,3382722,2241559,,,
test,environment_macro,tje_confidence,5,,61.54629629629629,81.23148148148148,19.685185185185183,37.82556199615951,38.388888888888886,32.828819965017495,67.17118003498251,,,51.61904761904761,9.018981481481482,,,18,20.074074074074073,0.38888888888888895
train,pooled,tje_confidence,6,2052,66.2280701754386,74.95126705653021,8.723196881091617,30.912944568370897,29.7270955165692,40.49180327868852,59.50819672131148,205,26,7.884615384615385,6.882553606237817,11208709,7743767,,,
train,environment_macro,tje_confidence,6,,61.57098765432099,71.6574074074074,10.08641975308642,31.972438269368443,33.9537037037037,39.42855926601191,60.571440733988084,,,8.564814814814815,9.61070987654321,,,18,11.419753086419753,1.3333333333333333
dev,pooled,tje_confidence,6,684,66.37426900584795,77.19298245614036,10.818713450292398,33.22362775794227,29.82456140350877,36.27450980392157,63.72549019607843,82,8,10.25,7.083333333333333,3577758,2389097,,,
dev,environment_macro,tje_confidence,6,,62.611111111111114,78.1574074074074,15.546296296296298,36.907949514420025,38.09259259259259,43.76282583897526,56.23717416102474,,,15.35042735042735,10.47787037037037,,,18,16.62962962962963,1.0833333333333333
test,pooled,tje_confidence,6,684,70.6140350877193,80.70175438596492,10.087719298245615,34.551435205139526,30.4093567251462,43.75,56.25,77,8,9.625,6.685672514619883,3382722,2213943,,,
test,environment_macro,tje_confidence,6,,61.32407407407407,81.23148148148148,19.907407407407405,38.25647505938732,38.833333333333336,32.708333333333336,67.29166666666667,,,45.791666666666664,8.98175925925926,,,18,20.35185185185185,0.4444444444444444
