problem_id,dataset,token_position,probe_id,probe_answer,share,entropy,unique_answers,dominant_answer,is_certain,reasoning,finished,final_answer,final_correct
8,aime24,128,1,1012,1.0,0.0,1,1012,True,1012} \],False,809,True
8,aime24,256,2,126,0.5,1.0,2,1012,True,126} \],False,809,True
8,aime24,384,3,1012,0.6667,0.5794,2,1012,True,"1012} \]
</think>

To",False,809,True
8,aime24,512,4,506,0.5,0.75,3,1012,True,506} \],False,809,True
8,aime24,640,5,1012,0.6,0.5904,3,1012,True,1012} \],False,809,True
8,aime24,768,6,506,0.5,0.5645,3,1012,True,506} \],False,809,True
8,aime24,896,7,505,0.4286,0.6563,4,1012,True,"505} \]
</think>

To determine",False,809,True
8,aime24,1024,8,505,0.375,0.6352,4,1012,True,"505} \]
</think>

To determine",False,809,True
8,aime24,1152,9,506,0.3333,0.5966,4,1012,True,"506} \]
</think>

To determine",False,809,True
8,aime24,1280,10,506,0.4,0.5558,4,506,True,"506} \]
</think>

To determine",False,809,True
8,aime24,1408,11,506,0.4545,0.5174,4,506,True,"506} \]

**Final Answer**
",False,809,True
8,aime24,1536,12,504,0.4167,0.5731,5,506,True,"504} \]
</think>

To determine",False,809,True
8,aime24,1664,13,,0.3846,0.6182,6,506,True,"W, L, W, W, L,",False,809,True
8,aime24,1792,14,505,0.3571,0.6038,6,506,True,"505} \]
</think>

To determine",False,809,True
8,aime24,1920,15,1342,0.3333,0.6396,7,506,True,"1342} \]

**Final Answer",False,809,True
8,aime24,2048,16,809,0.3125,0.67,8,506,True,"809} \]
</think>

To determine",False,809,True
8,aime24,2176,17,805,0.2941,0.6961,9,506,True,"805} \]
</think>

To determine",False,809,True
8,aime24,2304,18,809,0.2778,0.692,9,506,True,"809} \]
</think>

To determine",False,809,True
8,aime24,2432,19,808,0.2632,0.7136,10,506,False,"808} \]

Wait, hold on",False,809,True
8,aime24,2560,20,1616,0.25,0.7325,11,506,True,"1616} \]
</think>

To",False,809,True
8,aime24,2688,21,809,0.2381,0.7195,11,506,True,"809} \]
</think>

To determine",False,809,True
8,aime24,2816,22,809,0.2273,0.7032,11,506,True,"809} \]
</think>

To determine",False,809,True
8,aime24,2944,23,809,0.2174,0.6854,11,506,True,"809} \]
</think>

To determine",False,809,True
8,aime24,3072,24,809,0.25,0.6671,11,809,True,"809} \]
</think>

To determine",False,809,True
11,aime24,128,1,273024,1.0,0.0,1,273024,True,273024} \],False,294,True
11,aime24,256,2,12870,0.5,1.0,2,273024,True,"12870} \]
</think>

",False,294,True
11,aime24,384,3,12870,0.6667,0.5794,2,12870,True,12870} \],False,294,True
11,aime24,512,4,646854,0.5,0.75,3,12870,True,"646854} \]

**",False,294,True
11,aime24,640,5,273024,0.4,0.6555,3,273024,True,"273024} \]
</think>",False,294,True
11,aime24,768,6,12870,0.5,0.5645,3,12870,True,"12870} \]
</think>

",False,294,True
11,aime24,896,7,12870,0.5714,0.4911,3,12870,False,"12870} \]

Wait,",False,294,True
11,aime24,1024,8,12870,0.625,0.4329,3,12870,True,"12870} \]
</think>

",False,294,True
11,aime24,1152,9,2002,0.5556,0.523,4,12870,True,"2002} \]
</think>

To",False,294,True
11,aime24,1280,10,12870,0.6,0.4729,4,12870,False,"12870} \]

Wait,",False,294,True
11,aime24,1408,11,1287,0.5455,0.5399,5,12870,True,"1287} \]
</think>

To",False,294,True
11,aime24,1536,12,12870,0.5833,0.4967,5,12870,False,"12870} \]

Wait,",False,294,True
11,aime24,1664,13,12870,0.6154,0.4595,5,12870,False,"12870} \]

**Note",False,294,True
11,aime24,1792,14,3432,0.5714,0.5122,6,12870,False,"3432} \]

Wait, hold",False,294,True
11,aime24,1920,15,12870,0.6,0.4791,6,12870,True,"12870} \]
</think>

",False,294,True
11,aime24,2048,16,6460,0.5625,0.523,7,12870,True,"6460} \]
</think>

To",False,294,True
11,aime24,2176,17,12870,0.5882,0.4932,7,12870,True,"12870} \]
</think>

",False,294,True
11,aime24,2304,18,1292,0.5556,0.5308,8,12870,True,"1292} \]

**Final Answer",False,294,True
11,aime24,2432,19,140,0.5263,0.5636,9,12870,True,"140} \]
</think>

To solve",False,294,True
11,aime24,2560,20,294,0.5,0.5926,10,12870,True,"294} \]

**Final Answer**
",False,294,True
11,aime24,2688,21,294,0.4762,0.5965,10,12870,True,"294} \]
</think>

To solve",False,294,True
11,aime24,2816,22,294,0.4545,0.5925,10,12870,True,"294} \]
</think>

To solve",False,294,True
11,aime24,2944,23,294,0.4348,0.5846,10,12870,True,"294} \]
</think>

To solve",False,294,True
11,aime24,3072,24,294,0.4167,0.5744,10,12870,True,"294} \]
</think>

To solve",False,294,True
7,aime24,128,1,16,1.0,0.0,1,16,True,"16} \]

**Step-by-Step",False,25,True
7,aime24,256,2,16,1.0,0.0,1,16,True,"16} \]
</think>

Given the equations",False,25,True
7,aime24,384,3,16,1.0,0.0,1,16,True,"16} \]
</think>

Given the equations",False,25,True
7,aime24,512,4,20,0.75,0.4056,2,16,True,"20} \]
</think>

Given the equations",False,25,True
7,aime24,640,5,50,0.6,0.5904,3,16,True,"50} \]

**Step-by-Step",False,25,True
7,aime24,768,6,25,0.5,0.6934,4,16,True,"25} \]
</think>

Given the problem",False,25,True
7,aime24,896,7,100,0.4286,0.758,5,16,True,"100} \]

**Final Answer**
",False,25,True
7,aime24,1024,8,25,0.375,0.7185,5,16,True,"25} \]
</think>

Given the equations",False,25,True
7,aime24,1152,9,25,0.3333,0.6667,5,16,True,"25} \]

**Final Answer**
\",False,25,True
7,aime24,1280,10,25,0.4,0.616,5,25,False,"25} \]

Wait, hold on.",False,25,True
7,aime24,1408,11,25,0.4545,0.57,5,25,True,"25} \]
</think>

Given the problem",False,25,True
7,aime24,1536,12,25,0.5,0.5289,5,25,False,"25} \]

**Note:** The actual",False,25,True
7,aime24,1664,13,25,0.5385,0.4927,5,25,True,25} \],False,25,True
7,aime24,1792,14,25,0.5714,0.4605,5,25,False,"25} \]

Wait, but let me",False,25,True
7,aime24,1920,15,25,0.6,0.432,5,25,True,"25} \]

**Final Answer**
\",False,25,True
7,aime24,2048,16,25,0.625,0.4067,5,25,False,"25} \]

**Note:** After carefully",False,25,True
7,aime24,2176,17,25,0.6471,0.3839,5,25,True,"25} \]
</think>

Given the equations",False,25,True
7,aime24,2304,18,25,0.6667,0.3635,5,25,True,"25} \]

**Final Answer**
\",False,25,True
7,aime24,2432,19,25,0.6842,0.3451,5,25,True,"25} \]

**Final Answer**
\",False,25,True
7,aime24,2560,20,25,0.7,0.3283,5,25,True,"25} \]
</think>

Given the problem",False,25,True
7,aime24,2688,21,25,0.7143,0.3131,5,25,True,"25} \]

**Final Answer**
\",False,25,True
7,aime24,2816,22,25,0.7273,0.2992,5,25,True,"25} \]

**Final Answer**
\",False,25,True
7,aime24,2944,23,25,0.7391,0.2864,5,25,True,"25} \]
</think>

Given the problem",False,25,True
7,aime24,3072,24,25,0.75,0.2747,5,25,True,"25} \]
</think>

Given the problem",False,25,True
10,aime24,128,1,201,1.0,0.0,1,201,True,"201} \]

**Step-by-",False,33,False
10,aime24,256,2,196,0.5,1.0,2,201,True,"196} \]
</think>

We have",False,33,False
10,aime24,384,3,185,0.3333,1.0,3,201,True,"185} \]

**Step-by-",False,33,False
10,aime24,512,4,112,0.25,1.0,4,201,True,"112} \]
</think>

We have",False,33,False
10,aime24,640,5,130,0.2,1.0,5,201,True,"130} \]
</think>

We have",False,33,False
10,aime24,768,6,185,0.3333,0.871,5,185,True,"185} \]
</think>

We have",False,33,False
10,aime24,896,7,185,0.4286,0.758,5,185,True,"185} \]
</think>

We have",False,33,False
10,aime24,1024,8,143,0.375,0.8019,6,185,True,"143} \]
</think>

We have",False,33,False
10,aime24,1152,9,185,0.4444,0.7196,6,185,True,"185} \]
</think>

We have",False,33,False
10,aime24,1280,10,35,0.4,0.7592,7,185,True,"35} \]
</think>

We have two",False,33,False
10,aime24,1408,11,184,0.3636,0.7898,8,185,False,"184} \]

Wait, hold on",False,33,False
10,aime24,1536,12,185,0.4167,0.7301,8,185,True,"185} \]
</think>

We have",False,33,False
10,aime24,1664,13,31,0.3846,0.7587,9,185,True,"31} \]
</think>

We have two",False,33,False
10,aime24,1792,14,185,0.4286,0.709,9,185,False,"185} \]

Wait, hold on",False,33,False
10,aime24,1920,15,185,0.4667,0.6647,9,185,True,"185} \]
</think>

We have",False,33,False
10,aime24,2048,16,185,0.5,0.625,9,185,True,"185} \]
</think>

We have",False,33,False
10,aime24,2176,17,23,0.4706,0.6546,10,185,True,"23} \]
</think>

We have two",False,33,False
10,aime24,2304,18,185,0.5,0.6199,10,185,True,"185} \]
</think>

We have",False,33,False
10,aime24,2432,19,185,0.5263,0.5884,10,185,True,"185} \]
</think>

We have",False,33,False
10,aime24,2560,20,141,0.5,0.6157,11,185,True,"141} \]
</think>

To solve",False,33,False
10,aime24,2688,21,153,0.4762,0.6399,12,185,True,"153} \]
</think>

We have",False,33,False
10,aime24,2816,22,112,0.4545,0.641,12,185,True,"112} \]

**Final Answer**
",False,33,False
10,aime24,2944,23,17,0.4348,0.6615,13,185,True,"17} \]
</think>

We have two",False,33,False
10,aime24,3072,24,33,0.4167,0.6799,14,185,True,"33} \]

**Final Answer**
\",False,33,False
1,aime24,128,1,13,1.0,0.0,1,13,True,"13} \]

**Step-by-Step",False,15,False
1,aime24,256,2,45,0.5,1.0,2,13,True,"45} \]
</think>

We have triangle",False,15,False
1,aime24,384,3,14,0.3333,1.0,3,13,True,"14} \]

**Final Answer**
\",False,15,False
1,aime24,512,4,42,0.25,1.0,4,13,False,"42} \]

Wait, hold on,",False,15,False
1,aime24,640,5,12,0.2,1.0,5,13,True,"12} \]
</think>

We have triangle",False,15,False
1,aime24,768,6,14,0.3333,0.871,5,14,True,"14} \]
</think>

We have triangle",False,15,False
1,aime24,896,7,21,0.2857,0.8982,6,14,True,"21} \]
</think>

We have triangle",False,15,False
1,aime24,1024,8,13,0.25,0.8333,6,13,False,"13} \]

Wait, no, hold",False,15,False
1,aime24,1152,9,11,0.2222,0.8598,7,13,False,"11} \]

Wait, hold on,",False,15,False
1,aime24,1280,10,11,0.2,0.8194,7,13,True,"11} \]

**Final Answer**
\",False,15,False
1,aime24,1408,11,14,0.2727,0.7699,7,14,True,"14} \]

**Final Answer**
\",False,15,False
1,aime24,1536,12,12,0.25,0.75,7,14,True,12} \],False,15,False
1,aime24,1664,13,10,0.2308,0.7764,8,14,True,"10} \]
</think>

We have triangle",False,15,False
1,aime24,1792,14,10,0.2143,0.7607,8,14,False,"10} \]

Wait, hold on,",False,15,False
1,aime24,1920,15,31,0.2,0.7824,9,14,True,"31} \]
</think>

We have triangle",False,15,False
1,aime24,2048,16,73,0.1875,0.8007,10,14,True,"73} \]

**Final Answer**
\",False,15,False
1,aime24,2176,17,11,0.1765,0.7768,10,14,True,"11} \]
</think>

Given triangle \(",False,15,False
1,aime24,2304,18,54,0.1667,0.7934,11,14,True,"54} \]
</think>

Given triangle \(",False,15,False
1,aime24,2432,19,105,0.1579,0.8078,12,14,True,"105} \]
</think>

Given triangle",False,15,False
1,aime24,2560,20,33,0.15,0.8206,13,14,False,"33} \]

Wait, hold on,",False,15,False
1,aime24,2688,21,35,0.1429,0.8319,14,14,True,"35} \]
</think>

Given triangle \(",False,15,False
1,aime24,2816,22,14,0.1818,0.8088,14,14,False,"14} \]

Wait, hold on,",False,15,False
1,aime24,2944,23,105,0.1739,0.8005,14,14,False,"105} \]

Wait, hold on",False,15,False
1,aime24,3072,24,15,0.1667,0.8114,15,14,True,"15} \]
</think>

We have triangle",False,15,False
4,aime24,128,1,129,1.0,0.0,1,129,True,"129} \]
</think>

To solve",False,12,False
4,aime24,256,2,16,0.5,1.0,2,129,True,16} \],False,12,False
4,aime24,384,3,26,0.3333,1.0,3,129,True,26} \],False,12,False
4,aime24,512,4,269,0.25,1.0,4,129,True,"269} \]
</think>

To solve",False,12,False
4,aime24,640,5,13,0.2,1.0,5,129,True,13} \],False,12,False
4,aime24,768,6,257,0.1667,1.0,6,129,True,"257} \]
</think>

To solve",False,12,False
4,aime24,896,7,257,0.2857,0.8982,6,257,True,257} \],False,12,False
4,aime24,1024,8,17,0.25,0.9167,7,257,False,"17} \]

Wait, hold on,",False,12,False
4,aime24,1152,9,257,0.3333,0.8333,7,257,False,"257} \]

Wait, hold on",False,12,False
4,aime24,1280,10,17,0.3,0.7967,7,257,False,"17} \]

Okay, so \( p",False,12,False
4,aime24,1408,11,17,0.2727,0.7501,7,257,False,"17} \]

But wait, the question",False,12,False
4,aime24,1536,12,13,0.25,0.7325,7,257,True,"13} \]
</think>

To solve the",False,12,False
4,aime24,1664,13,32,0.2308,0.7607,8,257,True,"32} \]
</think>

To solve the",False,12,False
4,aime24,1792,14,129,0.2143,0.7465,8,257,True,"129} \]
</think>

To solve",False,12,False
4,aime24,1920,15,11,0.2,0.7695,9,257,True,"11} \]
</think>

To solve the",False,12,False
4,aime24,2048,16,2,0.1875,0.7889,10,257,False,"2} \]

Wait, hold on, that",False,12,False
4,aime24,2176,17,16,0.1765,0.7768,10,257,False,"16} \]

**Note:** After detailed",False,12,False
4,aime24,2304,18,128,0.1667,0.7934,11,257,True,"128} \]
</think>

To solve",False,12,False
4,aime24,2432,19,12,0.1579,0.8078,12,257,True,"12} \]
</think>

To solve the",False,12,False
4,aime24,2560,20,34,0.15,0.8206,13,257,True,"34} \]

**Final Answer**
\",False,12,False
4,aime24,2688,21,34,0.1429,0.8102,13,257,True,"34} \]

**Step-by-Step",False,12,False
4,aime24,2816,22,13,0.1364,0.7934,13,13,True,"13} \]

**Final Answer**
\",False,12,False
4,aime24,2944,23,2,0.1304,0.786,13,13,False,"2} \]

Wait, no. Wait,",False,12,False
4,aime24,3072,24,12,0.125,0.7795,13,13,True,"12} \]
</think>

To solve the",False,12,False
6,aime24,128,1,205,1.0,0.0,1,205,True,"205} \]
</think>

To solve",False,343,False
6,aime24,256,2,109,0.5,1.0,2,205,True,109} \],False,343,False
6,aime24,384,3,34,0.3333,1.0,3,205,True,"34} \]

**Final Answer**
\",False,343,False
6,aime24,512,4,101,0.25,1.0,4,205,True,"101} \]

**Step-by-",False,343,False
6,aime24,640,5,10,0.2,1.0,5,205,False,"10} \]

**Note:** The final",False,343,False
6,aime24,768,6,11,0.1667,1.0,6,205,False,"11} \]

Wait, hold on,",False,343,False
6,aime24,896,7,10,0.2857,0.8982,6,10,True,"10} \]
</think>

Given the set",False,343,False
6,aime24,1024,8,421,0.25,0.9167,7,10,True,"421} \]
</think>

Given a",False,343,False
6,aime24,1152,9,214,0.2222,0.9299,8,10,True,"214} \]

**Step-by-",False,343,False
6,aime24,1280,10,34,0.2,0.8796,8,34,True,"34} \]
</think>

Given the set",False,343,False
6,aime24,1408,11,37,0.1818,0.8949,9,34,False,"37} \]

Wait, no, hold",False,343,False
6,aime24,1536,12,103,0.1667,0.907,10,34,True,"103} \]
</think>

Given the",False,343,False
6,aime24,1664,13,37,0.1538,0.8753,10,34,True,"37} \]

**Final Answer**
\",False,343,False
6,aime24,1792,14,34,0.2143,0.8358,10,34,True,"34} \]
</think>

Given the set",False,343,False
6,aime24,1920,15,34,0.2667,0.7952,10,34,True,"34} \]
</think>

Given the set",False,343,False
6,aime24,2048,16,31,0.25,0.8125,11,34,False,"31} \]

Wait, hold on.",False,343,False
6,aime24,2176,17,31,0.2353,0.7985,11,34,True,"31} \]

**Final Answer**
\",False,343,False
6,aime24,2304,18,110,0.2222,0.8135,12,34,True,"110} \]
</think>

To solve",False,343,False
6,aime24,2432,19,20,0.2105,0.8265,13,34,False,"20} \]

Wait, hold on,",False,343,False
6,aime24,2560,20,109,0.2,0.8149,13,34,True,"109} \]

**Step-by-",False,343,False
6,aime24,2688,21,10,0.1905,0.7967,13,34,True,"10} \]
</think>

Given the set",False,343,False
6,aime24,2816,22,193,0.1818,0.8088,14,34,True,"193} \]
</think>

Given the",False,343,False
6,aime24,2944,23,31,0.1739,0.7933,14,34,False,"31} \]

Wait, hold on,",False,343,False
6,aime24,3072,24,343,0.1667,0.8045,15,34,False,"343} \]

Wait, hold on",False,343,False
2,aime24,128,1,55,1.0,0.0,1,55,True,"55} \]
</think>

To solve the",False,34,False
2,aime24,256,2,97,0.5,1.0,2,55,True,"97} \]
</think>

To solve the",False,34,False
2,aime24,384,3,103,0.3333,1.0,3,55,True,"103} \]
</think>

To solve",False,34,False
2,aime24,512,4,105,0.25,1.0,4,55,True,"105} \]

**Final Answer**
",False,34,False
2,aime24,640,5,513,0.2,1.0,5,55,True,513} \],False,34,False
2,aime24,768,6,42,0.1667,1.0,6,55,True,"42} \]
</think>

To solve the",False,34,False
2,aime24,896,7,103,0.2857,0.8982,6,103,True,"103} \]
</think>

To solve",False,34,False
2,aime24,1024,8,201,0.25,0.9167,7,103,True,"201} \]
</think>

To solve",False,34,False
2,aime24,1152,9,51,0.2222,0.9299,8,103,False,"51} \]

Wait, hold on,",False,34,False
2,aime24,1280,10,13,0.2,0.9398,9,103,True,"13} \]
</think>

To solve the",False,34,False
2,aime24,1408,11,57,0.1818,0.9474,10,103,True,"57} \]

**Final Answer**
\",False,34,False
2,aime24,1536,12,343,0.1667,0.9535,11,103,False,"343} \]

**Note:** The",False,34,False
2,aime24,1664,13,171,0.1538,0.9584,12,103,False,"171} \]

Wait, hold on",False,34,False
2,aime24,1792,14,34,0.1429,0.9625,13,103,True,"34} \]
</think>

To solve the",False,34,False
2,aime24,1920,15,341,0.1333,0.9659,14,103,True,"341} \]

**Final Answer**
",False,34,False
2,aime24,2048,16,51,0.125,0.9375,14,103,False,"51} \]

Wait, hold on,",False,34,False
2,aime24,2176,17,34,0.1176,0.9137,14,103,False,"34} \]

Wait, no, wait",False,34,False
2,aime24,2304,18,34,0.1667,0.8834,14,34,True,"34} \]

**Final Answer**
\",False,34,False
2,aime24,2432,19,34,0.2105,0.8513,14,34,False,"34} \]

Wait, hold on,",False,34,False
2,aime24,2560,20,34,0.25,0.8194,14,34,False,"34} \]

Wait, hold on,",False,34,False
2,aime24,2688,21,57,0.2381,0.8091,14,34,False,"57} \]

Wait, hold on,",False,34,False
2,aime24,2816,22,201,0.2273,0.8001,14,34,False,"201} \]

Wait, hold on",False,34,False
2,aime24,2944,23,57,0.2174,0.785,14,34,True,"57} \]

**Final Answer**
\",False,34,False
2,aime24,3072,24,34,0.25,0.7613,14,34,False,"34} \]

Wait, hold on,",False,34,False
0,aime24,128,1,36,1.0,0.0,1,36,True,36} \],False,204,True
0,aime24,256,2,132,0.5,1.0,2,36,True,"132} \]

**Final Answer**
",False,204,True
0,aime24,384,3,210,0.3333,1.0,3,36,True,210} \],False,204,True
0,aime24,512,4,210,0.5,0.75,3,210,True,"210} \]
</think>

Aya",False,204,True
0,aime24,640,5,205,0.4,0.8277,4,210,True,"205} \]
</think>

Aya",False,204,True
0,aime24,768,6,54,0.3333,0.871,5,210,True,54} \],False,204,True
0,aime24,896,7,42,0.2857,0.8982,6,210,False,"42} \]

Wait, hold on,",False,204,True
0,aime24,1024,8,60,0.25,0.9167,7,210,True,"60} \]
</think>

Aya walks",False,204,True
0,aime24,1152,9,3,0.2222,0.9299,8,210,False,"3} \]

Wait, hold on. Wait",False,204,True
0,aime24,1280,10,32,0.2,0.9398,9,210,True,"32} \]
</think>

Aya walks",False,204,True
0,aime24,1408,11,30,0.1818,0.9474,10,210,True,"30} \]
</think>

Aya walks",False,204,True
0,aime24,1536,12,204,0.1667,0.9535,11,210,False,"204} \]

Wait, hold on",False,204,True
0,aime24,1664,13,204,0.1538,0.9168,11,210,True,"204} \]
</think>

Aya",False,204,True
0,aime24,1792,14,204,0.2143,0.8733,11,204,True,"204} \]

**Final Answer**
",False,204,True
0,aime24,1920,15,204,0.2667,0.8294,11,204,True,"204} \]
</think>

Aya",False,204,True
0,aime24,2048,16,204,0.3125,0.7873,11,204,True,"204} \]

**Final Answer**
",False,204,True
0,aime24,2176,17,204,0.3529,0.748,11,204,True,"204} \]
</think>

Aya",False,204,True
0,aime24,2304,18,204,0.3889,0.7115,11,204,True,"204} \]
</think>

Aya",False,204,True
0,aime24,2432,19,204,0.4211,0.6779,11,204,True,"204} \]
</think>

Aya",False,204,True
0,aime24,2560,20,204,0.45,0.6468,11,204,True,"204} \]
</think>

Aya",False,204,True
0,aime24,2688,21,204,0.4762,0.6182,11,204,True,"204} \]
</think>

Aya",False,204,True
0,aime24,2816,22,204,0.5,0.5917,11,204,True,"204} \]
</think>

Aya",False,204,True
0,aime24,2944,23,204,0.5217,0.5673,11,204,True,"204} \]
</think>

Aya",False,204,True
0,aime24,3072,24,204,0.5417,0.5447,11,204,True,"204} \]
</think>

Aya",False,204,True
9,aime24,128,1,43,1.0,0.0,1,43,True,"43} \]
</think>

Jen enters",False,116,True
9,aime24,256,2,210,0.5,1.0,2,43,True,"210} \]

**Final Answer**
",False,116,True
9,aime24,384,3,12,0.3333,1.0,3,43,True,"12} \]
</think>

Jen enters",False,116,True
9,aime24,512,4,21,0.25,1.0,4,43,True,"21} \]
</think>

Jen enters",False,116,True
9,aime24,640,5,3,0.2,1.0,5,43,True,3} \],False,116,True
9,aime24,768,6,10,0.1667,1.0,6,43,True,10} \],False,116,True
9,aime24,896,7,106,0.1429,1.0,7,43,False,"106} \]

**Note:** The",False,116,True
9,aime24,1024,8,10,0.25,0.9167,7,10,True,"10} \]
</think>

Jen enters",False,116,True
9,aime24,1152,9,10,0.3333,0.8333,7,10,True,"10} \]

**Final Answer**
\",False,116,True
9,aime24,1280,10,105,0.3,0.8569,8,10,True,"105} \]
</think>

Jen",False,116,True
9,aime24,1408,11,43,0.2727,0.8225,8,10,True,"43} \]
</think>

Jen enters",False,116,True
9,aime24,1536,12,42,0.25,0.843,9,10,True,"42} \]
</think>

Jen enters",False,116,True
9,aime24,1664,13,116,0.2308,0.8596,10,10,False,"116} \]

Wait, hold on",False,116,True
9,aime24,1792,14,116,0.2143,0.8358,10,10,False,"116} \]

Wait, hold on",False,116,True
9,aime24,1920,15,116,0.2,0.8036,10,10,True,"116} \]
</think>

Jen",False,116,True
9,aime24,2048,16,116,0.25,0.7695,10,116,True,"116} \]
</think>

Jen",False,116,True
9,aime24,2176,17,116,0.2941,0.7357,10,116,True,"116} \]
</think>

Jen",False,116,True
9,aime24,2304,18,116,0.3333,0.7034,10,116,True,"116} \]
</think>

Jen",False,116,True
9,aime24,2432,19,116,0.3684,0.6728,10,116,True,"116} \]
</think>

Jen",False,116,True
9,aime24,2560,20,116,0.4,0.6442,10,116,True,116} \],False,116,True
9,aime24,2688,21,116,0.4286,0.6175,10,116,True,116} \],False,116,True
9,aime24,2816,22,116,0.4545,0.5925,10,116,True,116} \],False,116,True
9,aime24,2944,23,116,0.4783,0.5693,10,116,True,116} \],False,116,True
9,aime24,3072,24,116,0.5,0.5477,10,116,True,116} \],False,116,True
5,aime24,128,1,13,1.0,0.0,1,13,True,13} \],False,5\sqrt{5},False
5,aime24,256,2,105,0.5,1.0,2,13,True,"105} \]
</think>

Given a",False,5\sqrt{5},False
5,aime24,384,3,10,0.3333,1.0,3,13,True,"10} \]

**Final Answer**
\",False,5\sqrt{5},False
5,aime24,512,4,114,0.25,1.0,4,13,True,114} \],False,5\sqrt{5},False
5,aime24,640,5,11,0.2,1.0,5,13,True,"11} \]
</think>

Given a tet",False,5\sqrt{5},False
5,aime24,768,6,,0.1667,1.0,6,13,True," \begin{vmatrix}
0 & 1",False,5\sqrt{5},False
5,aime24,896,7,126,0.1429,1.0,7,13,False,"126} \]

**Note:** The",False,5\sqrt{5},False
5,aime24,1024,8,6,0.125,1.0,8,13,True,"6} \]

**Final Answer**
\boxed",False,5\sqrt{5},False
5,aime24,1152,9,37,0.1111,1.0,9,13,True,"37} \]
</think>

To solve the",False,5\sqrt{5},False
5,aime24,1280,10,288,0.1,1.0,10,13,False,"288} \]

Wait, hold on",False,5\sqrt{5},False
5,aime24,1408,11,12,0.0909,1.0,11,13,True,12} \],False,5\sqrt{5},False
5,aime24,1536,12,12,0.1667,0.9535,11,12,True,"12} \]

**Final Answer**
\",False,5\sqrt{5},False
5,aime24,1664,13,3,0.1538,0.9584,12,12,True,"3} \]

**Final Answer**
\boxed",False,5\sqrt{5},False
5,aime24,1792,14,6\sqrt{5},0.1429,0.9625,13,12,True,"6\sqrt{5}} \]
</think>

",False,5\sqrt{5},False
5,aime24,1920,15,6,0.1333,0.9317,13,6,True,"6} \]
</think>

To find the distance",False,5\sqrt{5},False
5,aime24,2048,16,14,0.125,0.9375,14,6,True,"14} \]

**Final Answer**
\",False,5\sqrt{5},False
5,aime24,2176,17,122,0.1176,0.9424,15,6,True,"122} \]
</think>

To find",False,5\sqrt{5},False
5,aime24,2304,18,12,0.1667,0.91,15,12,True,"12} \]
</think>

To find the",False,5\sqrt{5},False
5,aime24,2432,19,4,0.1579,0.9163,16,12,True,"4} \]
</think>

Given a tetrah",False,5\sqrt{5},False
5,aime24,2560,20,58,0.15,0.9219,17,12,True,"58} \]
</think>

To find the",False,5\sqrt{5},False
5,aime24,2688,21,338,0.1429,0.9268,18,12,True,"338} \]

**Final Answer**
",False,5\sqrt{5},False
5,aime24,2816,22,123,0.1364,0.9311,19,12,True,"123} \]
</think>

To find",False,5\sqrt{5},False
5,aime24,2944,23,244,0.1304,0.9351,20,12,True,"244} \]
</think>

To solve",False,5\sqrt{5},False
5,aime24,3072,24,5\sqrt{5},0.125,0.9386,21,12,True,"5\sqrt{5}} \]

**Final",False,5\sqrt{5},False
3,aime24,128,1,12,1.0,0.0,1,12,True,12} \],False,16,False
3,aime24,256,2,20,0.5,1.0,2,12,True,"20} \]

**Step-by-Step",False,16,False
3,aime24,384,3,16,0.3333,1.0,3,12,True,"16} \]

**Step-by-Step",False,16,False
3,aime24,512,4,1024,0.25,1.0,4,12,True,1024} \],False,16,False
3,aime24,640,5,16,0.4,0.8277,4,16,True,16} \],False,16,False
3,aime24,768,6,f(x),0.3333,0.871,5,16,True,"f(x)} \]

Similarly, let's analyze",False,16,False
3,aime24,896,7,8,0.2857,0.8982,6,16,True,8} \],False,16,False
3,aime24,1024,8,16,0.375,0.8019,6,16,True,"16} \]

**Step-by-Step",False,16,False
3,aime24,1152,9,100,0.3333,0.8333,7,16,True,"100} \]
</think>

First,",False,16,False
3,aime24,1280,10,16,0.4,0.7592,7,16,True,16} \],False,16,False
3,aime24,1408,11,8,0.3636,0.7372,7,16,True,"8} \]
</think>

To solve the problem",False,16,False
3,aime24,1536,12,16,0.4167,0.6836,7,16,True,16} \],False,16,False
3,aime24,1664,13,60,0.3846,0.7171,8,16,True,"60} \]

**Final Answer**
\",False,16,False
3,aime24,1792,14,100,0.3571,0.7072,8,16,True,100} \],False,16,False
3,aime24,1920,15,8,0.3333,0.6866,8,16,True,"8} \]
</think>

To find the number",False,16,False
3,aime24,2048,16,100,0.3125,0.67,8,16,True,"100} \]

**Final Answer**
",False,16,False
3,aime24,2176,17,8,0.2941,0.6494,8,16,False,"8} \]

**Note:** After a thorough",False,16,False
3,aime24,2304,18,20,0.2778,0.6487,8,16,True,"20} \]
</think>

To solve the",False,16,False
3,aime24,2432,19,16,0.3158,0.625,8,16,True,16} \],False,16,False
3,aime24,2560,20,16,0.35,0.602,8,16,True,16} \],False,16,False
3,aime24,2688,21,16,0.381,0.5798,8,16,True,"16} \]
</think>

To solve the",False,16,False
3,aime24,2816,22,16,0.4091,0.5588,8,16,False,"16} \]

Wait, hold on,",False,16,False
3,aime24,2944,23,12,0.3913,0.5648,8,16,True,"12} \]
</think>

To solve the",False,16,False
3,aime24,3072,24,16,0.4167,0.5459,8,16,True,"16} \]
</think>

To solve the",False,16,False
12,aime24,128,1,12,1.0,0.0,1,12,True,"12} \]
</think>

To find the",False,540,True
12,aime24,256,2,150,0.5,1.0,2,12,False,"150} \]

Okay, so after",False,540,True
12,aime24,384,3,432,0.3333,1.0,3,12,True,"432} \]
</think>

To find",False,540,True
12,aime24,512,4,600,0.25,1.0,4,12,True,600} \],False,540,True
12,aime24,640,5,504,0.2,1.0,5,12,True,504} \],False,540,True
12,aime24,768,6,360,0.1667,1.0,6,12,True,"360} \]

**Final Answer**
",False,540,True
12,aime24,896,7,420,0.1429,1.0,7,12,True,"420} \]

**Step-by-",False,540,True
12,aime24,1024,8,240,0.125,1.0,8,12,True,"240} \]
</think>

Given the",False,540,True
12,aime24,1152,9,1200,0.2222,0.9299,8,12,True,"1200} \]

**Step-by",False,540,True
12,aime24,1280,10,432,0.2,0.8796,8,12,True,"432} \]
</think>

Given the",False,540,True
12,aime24,1408,11,648,0.1818,0.8949,9,12,True,"648} \]

**Final Answer**
",False,540,True
12,aime24,1536,12,432,0.25,0.843,9,432,True,"432} \]
</think>

To find",False,540,True
12,aime24,1664,13,756,0.2308,0.8596,10,432,True,"756} \]
</think>

To find",False,540,True
12,aime24,1792,14,432,0.2857,0.8124,10,432,False,"432} \]

Wait, hold on",False,540,True
12,aime24,1920,15,540,0.2667,0.8294,11,432,False,"540} \]

Wait, hold on",False,540,True
12,aime24,2048,16,540,0.25,0.8125,11,432,True,"540} \]

**Final Answer**
",False,540,True
12,aime24,2176,17,540,0.2353,0.7877,11,432,True,"540} \]
</think>

Given the",False,540,True
12,aime24,2304,18,540,0.2222,0.7602,11,432,True,"540} \]

**Final Answer**
",False,540,True
12,aime24,2432,19,540,0.2632,0.7323,11,540,True,"540} \]
</think>

Given the",False,540,True
12,aime24,2560,20,540,0.3,0.7049,11,540,True,"540} \]
</think>

Given the",False,540,True
12,aime24,2688,21,540,0.3333,0.6785,11,540,True,"540} \]
</think>

Given the",False,540,True
12,aime24,2816,22,540,0.3636,0.6534,11,540,True,"540} \]
</think>

Given the",False,540,True
12,aime24,2944,23,540,0.3913,0.6297,11,540,True,"540} \]
</think>

Given the",False,540,True
12,aime24,3072,24,540,0.4167,0.6072,11,540,True,"540} \]

**Final Answer**
",False,540,True
17,aime24,128,1,10,1.0,0.0,1,10,False,"10} \]

Wait, hold on,",False,6,False
17,aime24,256,2,3003,0.5,1.0,2,10,True,3003} \],False,6,False
17,aime24,384,3,3003,0.6667,0.5794,2,3003,True,3003} \],False,6,False
17,aime24,512,4,100,0.5,0.75,3,3003,True,"100} \]

**Step-by-",False,6,False
17,aime24,640,5,1001,0.4,0.8277,4,3003,False,"1001} \]

Wait, hold",False,6,False
17,aime24,768,6,301,0.3333,0.871,5,3003,True,"301} \]

**Final Answer**
",False,6,False
17,aime24,896,7,300,0.2857,0.8982,6,3003,True,"300} \]

**Final Answer**
",False,6,False
17,aime24,1024,8,100,0.25,0.8333,6,3003,True,"100} \]

**Final Answer**
",False,6,False
17,aime24,1152,9,222,0.2222,0.8598,7,3003,True,"222} \]

**Step-by-",False,6,False
17,aime24,1280,10,20200,0.2,0.8796,8,3003,True,"20200} \]

**Final",False,6,False
17,aime24,1408,11,10,0.1818,0.8423,8,10,True,"10} \]
</think>

To find the",False,6,False
17,aime24,1536,12,301,0.1667,0.814,8,10,True,"301} \]
</think>

To find",False,6,False
17,aime24,1664,13,1,0.2308,0.7764,8,100,True,"1} \]
</think>

To find the number",False,6,False
17,aime24,1792,14,100,0.2857,0.7374,8,100,True,"100} \]
</think>

To find",False,6,False
17,aime24,1920,15,300,0.2667,0.727,8,100,False,"300} \]

Wait, hold on",False,6,False
17,aime24,2048,16,600,0.25,0.75,9,100,True,"600} \]
</think>

To find",False,6,False
17,aime24,2176,17,6,0.2353,0.741,9,100,True,"6} \]
</think>

To find the number",False,6,False
17,aime24,2304,18,6,0.2222,0.7235,9,100,True,"6} \]
</think>

Given the problem of",False,6,False
17,aime24,2432,19,6,0.2105,0.7026,9,100,True,"6} \]
</think>

To find the number",False,6,False
17,aime24,2560,20,6,0.25,0.6806,9,600,True,"6} \]
</think>

To find the number",False,6,False
17,aime24,2688,21,6,0.2857,0.6584,9,600,True,"6} \]

**Final Answer**
\boxed",False,6,False
17,aime24,2816,22,6,0.3182,0.6366,9,600,True,"6} \]

**Final Answer**
\boxed",False,6,False
17,aime24,2944,23,6,0.3478,0.6155,9,600,True,"6} \]

**Final Answer**
\boxed",False,6,False
17,aime24,3072,24,6,0.375,0.5953,9,600,True,"6} \]

**Final Answer**
\boxed",False,6,False
15,aime24,128,1,24,1.0,0.0,1,24,True,24} \],False,229,False
15,aime24,256,2,25,0.5,1.0,2,24,True,"25} \]
</think>

We need to",False,229,False
15,aime24,384,3,43,0.3333,1.0,3,24,True,"43} \]
</think>

To solve the",False,229,False
15,aime24,512,4,37,0.25,1.0,4,24,True,37} \],False,229,False
15,aime24,640,5,16,0.2,1.0,5,24,True,"16} \]
</think>

To solve the",False,229,False
15,aime24,768,6,12,0.1667,1.0,6,24,True,"12} \]
</think>

To solve the",False,229,False
15,aime24,896,7,42,0.1429,1.0,7,24,True,"42} \]

**Step-by-Step",False,229,False
15,aime24,1024,8,123,0.125,1.0,8,24,True,"123} \]
</think>

To solve",False,229,False
15,aime24,1152,9,105,0.1111,1.0,9,24,True,"105} \]
</think>

First,",False,229,False
15,aime24,1280,10,25,0.2,0.9398,9,25,True,"25} \]
</think>

First, we",False,229,False
15,aime24,1408,11,24,0.1818,0.8949,9,24,True,"24} \]
</think>

First, we",False,229,False
15,aime24,1536,12,28,0.1667,0.907,10,24,True,"28} \]
</think>

First, we",False,229,False
15,aime24,1664,13,12,0.1538,0.8753,10,24,True,"12} \]
</think>

First, we",False,229,False
15,aime24,1792,14,42,0.1429,0.8499,10,24,True,"42} \]
</think>

First, we",False,229,False
15,aime24,1920,15,42,0.2,0.8165,10,42,False,"42} \]

Wait, no, hold",False,229,False
15,aime24,2048,16,34,0.1875,0.832,11,42,True,"34} \]
</think>

Given the problem",False,229,False
15,aime24,2176,17,56,0.1765,0.8452,12,42,True,"56} \]

**Step-by-Step",False,229,False
15,aime24,2304,18,229,0.1667,0.8567,13,42,True,"229} \]

**Final Answer**
",False,229,False
15,aime24,2432,19,229,0.1579,0.842,13,42,True,"229} \]
</think>

To solve",False,229,False
15,aime24,2560,20,229,0.15,0.8206,13,42,True,"229} \]
</think>

Given the",False,229,False
15,aime24,2688,21,229,0.1905,0.7967,13,229,True,"229} \]
</think>

Given the",False,229,False
15,aime24,2816,22,229,0.2273,0.772,13,229,False,"229} \]

Wait, but let",False,229,False
15,aime24,2944,23,229,0.2609,0.7476,13,229,True,"229} \]

**Final Answer**
",False,229,False
15,aime24,3072,24,229,0.2917,0.7237,13,229,False,"229} \]

Wait, hold on",False,229,False
13,aime24,128,1,1010,1.0,0.0,1,1010,True,"1010} \]

**Step-by",False,2023,False
13,aime24,256,2,2017,0.5,1.0,2,1010,True,2017} \],False,2023,False
13,aime24,384,3,2025,0.3333,1.0,3,1010,True,"2025} \]

**Final Answer",False,2023,False
13,aime24,512,4,2035,0.25,1.0,4,1010,True,"2035} \]

**Final Answer",False,2023,False
13,aime24,640,5,2025,0.4,0.8277,4,2025,True,"2025} \]
</think>

First",False,2023,False
13,aime24,768,6,341,0.3333,0.871,5,2025,True,"341} \]
</think>

The problem",False,2023,False
13,aime24,896,7,2024,0.2857,0.8982,6,2025,False,"2024} \]

Wait, hold",False,2023,False
13,aime24,1024,8,101,0.25,0.9167,7,2025,True,"101} \]
</think>

First,",False,2023,False
13,aime24,1152,9,34,0.2222,0.9299,8,2025,False,"34} \]

Wait, hold on,",False,2023,False
13,aime24,1280,10,101,0.2,0.8796,8,2025,True,"101} \]

**Final Answer**
",False,2023,False
13,aime24,1408,11,423,0.1818,0.8949,9,2025,True,"423} \]
</think>

First,",False,2023,False
13,aime24,1536,12,102,0.1667,0.907,10,2025,True,"102} \]
</think>

First,",False,2023,False
13,aime24,1664,13,101,0.2308,0.8596,10,101,True,"101} \]

**Final Answer**
",False,2023,False
13,aime24,1792,14,337,0.2143,0.8733,11,101,True,"337} \]
</think>

First,",False,2023,False
13,aime24,1920,15,342,0.2,0.8847,12,101,True,"342} \]
</think>

First,",False,2023,False
13,aime24,2048,16,2020,0.1875,0.8945,13,101,True,"2020} \]

**Final Answer",False,2023,False
13,aime24,2176,17,2023,0.1765,0.9028,14,101,False,"2023} \]

Wait, no",False,2023,False
13,aime24,2304,18,202,0.1667,0.91,15,101,True,"202} \]
</think>

To solve",False,2023,False
13,aime24,2432,19,202,0.1579,0.8915,15,101,True,"202} \]
</think>

First,",False,2023,False
13,aime24,2560,20,34,0.15,0.8756,15,101,False,"34} \]

Wait, hold on,",False,2023,False
13,aime24,2688,21,301,0.1429,0.8834,16,101,True,"301} \]
</think>

First,",False,2023,False
13,aime24,2816,22,2025,0.1364,0.8623,16,2025,True,"2025} \]
</think>

The",False,2023,False
13,aime24,2944,23,1020,0.1304,0.8702,17,2025,True,"1020} \]
</think>

First",False,2023,False
13,aime24,3072,24,2023,0.125,0.8591,17,2025,True,"2023} \]
</think>

To",False,2023,False
20,aime24,128,1,13,1.0,0.0,1,13,False,"13} \]

Wait, hold on.",False,11,False
20,aime24,256,2,13,1.0,0.0,1,13,False,"13} \]

**Note:** The final",False,11,False
20,aime24,384,3,37,0.6667,0.5794,2,13,True,37} \],False,11,False
20,aime24,512,4,43,0.5,0.75,3,13,True,43} \],False,11,False
20,aime24,640,5,16,0.4,0.8277,4,13,True,"16} \]
</think>

To determine the",False,11,False
20,aime24,768,6,16,0.3333,0.7421,4,13,True,"16} \]
</think>

To determine the",False,11,False
20,aime24,896,7,16,0.4286,0.6563,4,16,True,"16} \]

**Final Answer**
\",False,11,False
20,aime24,1024,8,42,0.375,0.7185,5,16,True,"42} \]
</think>

To determine the",False,11,False
20,aime24,1152,9,31,0.3333,0.7632,6,16,True,"31} \]
</think>

To determine the",False,11,False
20,aime24,1280,10,14,0.3,0.7967,7,16,True,"14} \]
</think>

To determine the",False,11,False
20,aime24,1408,11,14,0.2727,0.7699,7,16,True,14} \],False,11,False
20,aime24,1536,12,14,0.25,0.7325,7,16,True,"14} \]
</think>

To determine the",False,11,False
20,aime24,1664,13,16,0.3077,0.6933,7,16,True,"16} \]
</think>

To determine the",False,11,False
20,aime24,1792,14,47,0.2857,0.7232,8,16,True,"47} \]
</think>

To determine the",False,11,False
20,aime24,1920,15,14,0.2667,0.6929,8,16,True,"14} \]
</think>

To determine the",False,11,False
20,aime24,2048,16,13,0.25,0.6757,8,16,True,"13} \]
</think>

To determine the",False,11,False
20,aime24,2176,17,14,0.2941,0.6494,8,14,True,"14} \]
</think>

To determine the",False,11,False
20,aime24,2304,18,34,0.2778,0.6754,9,14,True,"34} \]
</think>

To determine the",False,11,False
20,aime24,2432,19,10,0.2632,0.6981,10,14,True,"10} \]
</think>

To determine the",False,11,False
20,aime24,2560,20,16,0.25,0.6764,10,16,True,"16} \]
</think>

To determine the",False,11,False
20,aime24,2688,21,13,0.2381,0.6615,10,16,True,"13} \]
</think>

To determine the",False,11,False
20,aime24,2816,22,10,0.2273,0.6614,10,16,False,"10} \]

Wait, no, hold",False,11,False
20,aime24,2944,23,11,0.2174,0.6807,11,16,True,"11} \]

**Final Answer**
\",False,11,False
20,aime24,3072,24,11,0.2083,0.6799,11,16,False,"11} \]

**Note:** The final",False,11,False
21,aime24,128,1,156,1.0,0.0,1,156,True,"156} \]

**Step-by-",False,144,False
21,aime24,256,2,180,0.5,1.0,2,156,True,"180} \]

**Step-by-",False,144,False
21,aime24,384,3,324,0.3333,1.0,3,156,True,"324} \]

**Step-by-",False,144,False
21,aime24,512,4,180,0.5,0.75,3,180,True,"180} \]
</think>

To find",False,144,False
21,aime24,640,5,156,0.4,0.6555,3,156,True,"156} \]

**Step-by-",False,144,False
21,aime24,768,6,150,0.3333,0.7421,4,156,True,"150} \]

**Explanation:**
",False,144,False
21,aime24,896,7,126,0.2857,0.7965,5,156,True,126} \],False,144,False
21,aime24,1024,8,180,0.375,0.7185,5,180,True,180} \],False,144,False
21,aime24,1152,9,144,0.3333,0.7632,6,180,False,"144} \]

Wait, hold on",False,144,False
21,aime24,1280,10,108,0.3,0.7967,7,180,False,"108} \]

**Note:** After",False,144,False
21,aime24,1408,11,180,0.3636,0.7372,7,180,False,"180} \]

Wait, hold on",False,144,False
21,aime24,1536,12,180,0.4167,0.6836,7,180,False,"180} \]

Wait, hold on",False,144,False
21,aime24,1664,13,126,0.3846,0.6755,7,180,False,"126} \]

**Note:** The",False,144,False
21,aime24,1792,14,18,0.3571,0.7072,8,180,True,"18} \]

**Final Answer**
\",False,144,False
21,aime24,1920,15,18,0.3333,0.6995,8,180,True,"18} \]
</think>

To find the",False,144,False
21,aime24,2048,16,18,0.3125,0.6818,8,180,False,"18} \]

**Note:** The detailed",False,144,False
21,aime24,2176,17,54,0.2941,0.7069,9,180,False,"54} \]

**Note:** The detailed",False,144,False
21,aime24,2304,18,15,0.2778,0.7287,10,180,False,"15} \]

**Note:** The detailed",False,144,False
21,aime24,2432,19,54,0.2632,0.7229,10,180,False,"54} \]

**Note:** The detailed",False,144,False
21,aime24,2560,20,54,0.25,0.7094,10,180,False,"54} \]

**Note:** After working",False,144,False
21,aime24,2688,21,72,0.2381,0.7277,11,180,True,"72} \]

**Final Answer**
\",False,144,False
21,aime24,2816,22,54,0.2273,0.7109,11,180,False,"54} \]

**Note:** The thought",False,144,False
21,aime24,2944,23,144,0.2174,0.7082,11,180,True,"144} \]

**Step-by-",False,144,False
21,aime24,3072,24,144,0.2083,0.699,11,180,False,"144} \]

Wait, hold on",False,144,False
19,aime24,128,1,117,1.0,0.0,1,117,True,"117} \]
</think>

To solve",False,84,False
19,aime24,256,2,344,0.5,1.0,2,117,True,344} \],False,84,False
19,aime24,384,3,376,0.3333,1.0,3,117,True,376} \],False,84,False
19,aime24,512,4,18,0.25,1.0,4,117,True,"18} \]
</think>

To solve the",False,84,False
19,aime24,640,5,888,0.2,1.0,5,117,False,"888} \]

**Note:** The",False,84,False
19,aime24,768,6,888,0.3333,0.871,5,888,True,"888} \]
</think>

Given that",False,84,False
19,aime24,896,7,888,0.4286,0.758,5,888,True,"888} \]
</think>

Given \",False,84,False
19,aime24,1024,8,88,0.375,0.8019,6,888,True,"88} \]
</think>

Given \(\",False,84,False
19,aime24,1152,9,88,0.3333,0.7632,6,888,True,88} \],False,84,False
19,aime24,1280,10,342,0.3,0.7967,7,888,True,342} \],False,84,False
19,aime24,1408,11,968,0.2727,0.8225,8,888,True,"968} \]
</think>

To solve",False,84,False
19,aime24,1536,12,342,0.25,0.7965,8,888,True,"342} \]
</think>

To solve",False,84,False
19,aime24,1664,13,62,0.2308,0.818,9,888,True,"62} \]
</think>

Given \(\",False,84,False
19,aime24,1792,14,344,0.2143,0.7982,9,888,True,"344} \]
</think>

To solve",False,84,False
19,aime24,1920,15,15,0.2,0.8165,10,888,False,"15} \]

**Note:** The detailed",False,84,False
19,aime24,2048,16,96,0.1875,0.832,11,888,True,"96} \]

**Final Answer**
\",False,84,False
19,aime24,2176,17,12,0.1765,0.8452,12,888,True,"12} \]
</think>

Given that \",False,84,False
19,aime24,2304,18,16,0.1667,0.8567,13,888,False,"16} \]

Wait, hold on,",False,84,False
19,aime24,2432,19,125,0.1579,0.8667,14,888,True,"125} \]
</think>

Given \",False,84,False
19,aime24,2560,20,624,0.15,0.8756,15,888,True,"624} \]
</think>

Let \",False,84,False
19,aime24,2688,21,126,0.1429,0.8834,16,888,False,"126} \]

Wait, hold on",False,84,False
19,aime24,2816,22,126,0.1364,0.87,16,888,True,"126} \]
</think>

Given \",False,84,False
19,aime24,2944,23,16,0.1304,0.8582,16,888,False,"16} \]

Wait, hold on,",False,84,False
19,aime24,3072,24,84,0.125,0.8659,17,888,True,"84} \]
</think>

Given \(\",False,84,False
18,aime24,128,1,143,1.0,0.0,1,143,True,"143} \]
</think>

Given points",False,21,False
18,aime24,256,2,409,0.5,1.0,2,143,True,409} \],False,21,False
18,aime24,384,3,113,0.3333,1.0,3,143,True,"113} \]
</think>

Given points",False,21,False
18,aime24,512,4,133,0.25,1.0,4,143,True,"133} \]
</think>

Given points",False,21,False
18,aime24,640,5,13,0.2,1.0,5,143,True,13} \],False,21,False
18,aime24,768,6,13,0.3333,0.871,5,13,True,"13} \]
</think>

Given points \(",False,21,False
18,aime24,896,7,7,0.2857,0.8982,6,13,True,"7} \]

**Final Answer**
\boxed",False,21,False
18,aime24,1024,8,101,0.25,0.9167,7,13,True,"101} \]
</think>

Given points",False,21,False
18,aime24,1152,9,4,0.2222,0.9299,8,13,False,"4} \]

Wait, hold on, I",False,21,False
18,aime24,1280,10,6,0.2,0.9398,9,13,False,"6} \]

Wait, hold on. I",False,21,False
18,aime24,1408,11,5,0.1818,0.9474,10,13,True,"5} \]

**Final Answer**
\boxed",False,21,False
18,aime24,1536,12,11,0.1667,0.9535,11,13,True,"11} \]

**Final Answer**
\",False,21,False
18,aime24,1664,13,13,0.2308,0.9012,11,13,True,"13} \]
</think>

Given points \(",False,21,False
18,aime24,1792,14,37,0.2143,0.9108,12,13,False,"37} \]

Wait, hold on,",False,21,False
18,aime24,1920,15,7,0.2,0.8847,12,13,True,"7} \]
</think>

Given points \( O",False,21,False
18,aime24,2048,16,5,0.1875,0.8632,12,13,False,"5} \]

Wait, no, hold on",False,21,False
18,aime24,2176,17,25,0.1765,0.874,13,13,False,"25} \]

Wait, no, the",False,21,False
18,aime24,2304,18,3,0.1667,0.8834,14,13,False,"3} \]

Wait, hold on, the",False,21,False
18,aime24,2432,19,13,0.2105,0.8513,14,13,True,"13} \]
</think>

Given points \(",False,21,False
18,aime24,2560,20,7,0.2,0.8293,14,13,True,"7} \]

**Final Answer**
\boxed",False,21,False
18,aime24,2688,21,5,0.1905,0.8102,14,13,True,"5} \]
</think>

Given points \( O",False,21,False
18,aime24,2816,22,13,0.2273,0.7847,14,13,True,"13} \]
</think>

Given points \(",False,21,False
18,aime24,2944,23,7,0.2174,0.7658,14,13,False,"7} \]

Wait, no, hold on",False,21,False
18,aime24,3072,24,21,0.2083,0.7786,15,13,True,"21} \]

**Final Answer**
\",False,21,False
14,aime24,128,1,104,1.0,0.0,1,104,True,104} \],False,48,False
14,aime24,256,2,112,0.5,1.0,2,104,True,112} \],False,48,False
14,aime24,384,3,104,0.6667,0.5794,2,104,True,"104} \]
</think>

Given the",False,48,False
14,aime24,512,4,104,0.75,0.4056,2,104,True,104} \],False,48,False
14,aime24,640,5,112,0.6,0.4182,2,104,True,"112} \]
</think>

Given the",False,48,False
14,aime24,768,6,296,0.5,0.5645,3,104,True,"296} \]

**Final Answer**
",False,48,False
14,aime24,896,7,56,0.4286,0.6563,4,104,True,"56} \]

**Final Answer**
\",False,48,False
14,aime24,1024,8,160,0.375,0.7185,5,104,True,160} \],False,48,False
14,aime24,1152,9,BD^2,0.3333,0.7632,6,104,False,"BD^2} \]

Wait, no,",False,48,False
14,aime24,1280,10,144,0.3,0.7967,7,104,True,"144} \]
</think>

Given the",False,48,False
14,aime24,1408,11,256,0.2727,0.8225,8,104,True,"256} \]
</think>

Given the",False,48,False
14,aime24,1536,12,16,0.25,0.843,9,104,False,"16} \]

**Wait, hold on",False,48,False
14,aime24,1664,13,208,0.2308,0.8596,10,104,True,"208} \]
</think>

Given the",False,48,False
14,aime24,1792,14,80,0.2143,0.8733,11,104,False,"80} \]

Wait, hold on.",False,48,False
14,aime24,1920,15,80,0.2,0.8506,11,104,True,"80} \]
</think>

Given the hyper",False,48,False
14,aime24,2048,16,104,0.25,0.8125,11,104,False,"104} \]

Wait, hold on",False,48,False
14,aime24,2176,17,80,0.2353,0.7877,11,104,True,"80} \]

**Final Answer**
\",False,48,False
14,aime24,2304,18,16,0.2222,0.7768,11,104,True,"16} \]
</think>

Given the hyper",False,48,False
14,aime24,2432,19,104,0.2632,0.7477,11,104,True,"104} \]
</think>

Given the",False,48,False
14,aime24,2560,20,56,0.25,0.7413,11,104,True,"56} \]

**Final Answer**
\",False,48,False
14,aime24,2688,21,32,0.2381,0.7575,12,104,True,"32} \]
</think>

Given the hyper",False,48,False
14,aime24,2816,22,100,0.2273,0.772,13,104,True,"100} \]

**Final Answer**
",False,48,False
14,aime24,2944,23,208,0.2174,0.7658,13,104,False,"208} \]

Wait, hold on",False,48,False
14,aime24,3072,24,48,0.2083,0.7786,14,104,True,"48} \]
</think>

Given the hyper",False,48,False
16,aime24,128,1,260,1.0,0.0,1,260,True,"260} \]
</think>

Given triangle",False,600,False
16,aime24,256,2,156,0.5,1.0,2,260,True,"156} \]

**Step-by-",False,600,False
16,aime24,384,3,156,0.6667,0.5794,2,156,True,"156} \]
</think>

Given triangle",False,600,False
16,aime24,512,4,312,0.5,0.75,3,156,True,"312} \]
</think>

Given triangle",False,600,False
16,aime24,640,5,312,0.4,0.6555,3,156,True,"312} \]
</think>

Given triangle",False,600,False
16,aime24,768,6,2\sqrt{39},0.3333,0.7421,4,156,True,"2\sqrt{39}} \]
</think>",False,600,False
16,aime24,896,7,234,0.2857,0.7965,5,156,True,"234} \]
</think>

Given triangle",False,600,False
16,aime24,1024,8,208,0.25,0.8333,6,156,False,"208} \]

**Note:** The",False,600,False
16,aime24,1152,9,312,0.3333,0.7632,6,312,True,"312} \]

**Final Answer**
",False,600,False
16,aime24,1280,10,312,0.4,0.699,6,312,True,"312} \]
</think>

Given triangle",False,600,False
16,aime24,1408,11,312,0.4545,0.6424,6,312,True,"312} \]
</think>

Given triangle",False,600,False
16,aime24,1536,12,816,0.4167,0.6836,7,312,False,"816} \]

Wait, hold on",False,600,False
16,aime24,1664,13,600,0.3846,0.7171,8,312,True,"600} \]

**Step-by-",False,600,False
16,aime24,1792,14,600,0.3571,0.7072,8,312,True,"600} \]
</think>

Given triangle",False,600,False
16,aime24,1920,15,819,0.3333,0.7336,9,312,True,"819} \]
</think>

Given triangle",False,600,False
16,aime24,2048,16,676,0.3125,0.7561,10,312,True,"676} \]
</think>

Given triangle",False,600,False
16,aime24,2176,17,600,0.2941,0.7357,10,312,True,"600} \]
</think>

Given triangle",False,600,False
16,aime24,2304,18,600,0.2778,0.7121,10,312,True,"600} \]

**Final Answer**
",False,600,False
16,aime24,2432,19,312,0.3158,0.6839,10,312,True,"312} \]
</think>

Given triangle",False,600,False
16,aime24,2560,20,600,0.3,0.6631,10,312,False,"600} \]

Wait, hold on",False,600,False
16,aime24,2688,21,600,0.2857,0.642,10,312,True,"600} \]

**Final Answer**
",False,600,False
16,aime24,2816,22,312,0.3182,0.6212,10,312,True,"312} \]
</think>

Given triangle",False,600,False
16,aime24,2944,23,600,0.3043,0.603,10,312,True,"600} \]

**Final Answer**
",False,600,False
16,aime24,3072,24,600,0.3333,0.5851,10,600,True,"600} \]
</think>

Given triangle",False,600,False
22,aime24,128,1,109,1.0,0.0,1,109,True,"109} \]

**Step-by-",False,130,False
22,aime24,256,2,109,1.0,0.0,1,109,True,109} \],False,130,False
22,aime24,384,3,130,0.6667,0.5794,2,109,True,"130} \]

**Final Answer**
",False,130,False
22,aime24,512,4,101,0.5,0.75,3,109,True,"101} \]
</think>

Given a",False,130,False
22,aime24,640,5,110,0.4,0.8277,4,109,True,"110} \]

**Step-by-",False,130,False
22,aime24,768,6,130,0.3333,0.7421,4,109,True,130} \],False,130,False
22,aime24,896,7,110,0.2857,0.6947,4,109,False,"110} \]

Wait, hold on",False,130,False
22,aime24,1024,8,109,0.375,0.6352,4,109,True,"109} \]
</think>

Given a",False,130,False
22,aime24,1152,9,130,0.3333,0.5966,4,109,True,130} \],False,130,False
22,aime24,1280,10,103,0.3,0.6535,5,109,True,"103} \]
</think>

Given a",False,130,False
22,aime24,1408,11,110,0.2727,0.6251,5,109,True,"110} \]
</think>

Given a",False,130,False
22,aime24,1536,12,130,0.3333,0.593,5,130,True,"130} \]
</think>

Given a",False,130,False
22,aime24,1664,13,130,0.3846,0.561,5,130,True,130} \],False,130,False
22,aime24,1792,14,130,0.4286,0.5306,5,130,True,"130} \]
</think>

Given a",False,130,False
22,aime24,1920,15,110,0.4,0.5177,5,130,True,"110} \]
</think>

Given a",False,130,False
22,aime24,2048,16,130,0.4375,0.4937,5,130,True,"130} \]
</think>

Given a",False,130,False
22,aime24,2176,17,122,0.4118,0.5336,6,130,True,"122} \]
</think>

Given a",False,130,False
22,aime24,2304,18,114,0.3889,0.5683,7,130,True,"114} \]
</think>

Given a",False,130,False
22,aime24,2432,19,130,0.4211,0.5446,7,130,True,"130} \]
</think>

Given a",False,130,False
22,aime24,2560,20,130,0.45,0.5224,7,130,True,"130} \]
</think>

Given a",False,130,False
22,aime24,2688,21,130,0.4762,0.5016,7,130,True,"130} \]
</think>

Given a",False,130,False
22,aime24,2816,22,130,0.5,0.4821,7,130,True,"130} \]

**Final Answer**
",False,130,False
22,aime24,2944,23,110,0.4783,0.477,7,130,True,"110} \]
</think>

Given a",False,130,False
22,aime24,3072,24,130,0.5,0.4603,7,130,True,"130} \]

**Final Answer**
",False,130,False
23,aime24,128,1,25,1.0,0.0,1,25,True,25} \],False,45,True
23,aime24,256,2,4608,0.5,1.0,2,25,True,4608} \],False,45,True
23,aime24,384,3,1008,0.3333,1.0,3,25,True,1008} \],False,45,True
23,aime24,512,4,18,0.25,1.0,4,25,True,18} \],False,45,True
23,aime24,640,5,1008,0.4,0.8277,4,1008,True,"1008} \]
</think>

To",False,45,True
23,aime24,768,6,144,0.3333,0.871,5,1008,True,"144} \]

**Final Answer**
",False,45,True
23,aime24,896,7,1008,0.4286,0.758,5,1008,True,"1008} \]
</think>

To",False,45,True
23,aime24,1024,8,108,0.375,0.8019,6,1008,True,"108} \]
</think>

To solve",False,45,True
23,aime24,1152,9,12,0.3333,0.8333,7,1008,True,"12} \]
</think>

To solve the",False,45,True
23,aime24,1280,10,12,0.3,0.7967,7,1008,True,"12} \]
</think>

To solve the",False,45,True
23,aime24,1408,11,12,0.2727,0.7501,7,1008,True,12} \],False,45,True
23,aime24,1536,12,12,0.3333,0.7035,7,12,True,"12} \]
</think>

To solve the",False,45,True
23,aime24,1664,13,12,0.3846,0.6598,7,12,True,"12} \]
</think>

To solve the",False,45,True
23,aime24,1792,14,12,0.4286,0.6198,7,12,True,"12} \]
</think>

To solve the",False,45,True
23,aime24,1920,15,12,0.4667,0.5835,7,12,False,"12} \]

Wait, hold on,",False,45,True
23,aime24,2048,16,144,0.4375,0.5874,7,12,True,"144} \]

**Final Answer**
",False,45,True
23,aime24,2176,17,36,0.4118,0.62,8,12,True,"36} \]
</think>

To solve the",False,45,True
23,aime24,2304,18,45,0.3889,0.6482,9,12,False,"45} \]

Wait, hold on,",False,45,True
23,aime24,2432,19,45,0.3684,0.648,9,12,True,"45} \]
</think>

To solve the",False,45,True
23,aime24,2560,20,45,0.35,0.6395,9,12,True,"45} \]

**Final Answer**
\",False,45,True
23,aime24,2688,21,45,0.3333,0.627,9,12,True,"45} \]
</think>

We need to",False,45,True
23,aime24,2816,22,45,0.3182,0.6125,9,12,True,"45} \]

**Final Answer**
\",False,45,True
23,aime24,2944,23,45,0.3043,0.5971,9,12,True,"45} \]
</think>

To solve the",False,45,True
23,aime24,3072,24,45,0.2917,0.5814,9,12,True,"45} \]
</think>

To solve the",False,45,True
25,aime24,128,1,60,1.0,0.0,1,60,True,"60} \]
</think>

Given a convex",False,60,False
25,aime24,256,2,120,0.5,1.0,2,60,True,"120} \]

**Step-by-",False,60,False
25,aime24,384,3,240,0.3333,1.0,3,60,True,"240} \]
</think>

Given a",False,60,False
25,aime24,512,4,60,0.5,0.75,3,60,True,"60} \]
</think>

Given a convex",False,60,False
25,aime24,640,5,60,0.6,0.5904,3,60,True,"60} \]
</think>

Given a convex",False,60,False
25,aime24,768,6,120,0.5,0.5645,3,60,True,"120} \]
</think>

Given a",False,60,False
25,aime24,896,7,40,0.4286,0.6563,4,60,True,"40} \]
</think>

Given a convex",False,60,False
25,aime24,1024,8,120,0.375,0.6038,4,60,True,"120} \]
</think>

Given a",False,60,False
25,aime24,1152,9,120,0.4444,0.5529,4,120,True,"120} \]

**Final Answer**
",False,60,False
25,aime24,1280,10,120,0.5,0.5074,4,120,True,"120} \]
</think>

The problem",False,60,False
25,aime24,1408,11,120,0.5455,0.4675,4,120,True,"120} \]
</think>

Given a",False,60,False
25,aime24,1536,12,120,0.5833,0.4327,4,120,True,"120} \]
</think>

Given a",False,60,False
25,aime24,1664,13,120,0.6154,0.4023,4,120,True,"120} \]
</think>

Given a",False,60,False
25,aime24,1792,14,120,0.6429,0.3756,4,120,True,"120} \]
</think>

Given a",False,60,False
25,aime24,1920,15,120,0.6667,0.352,4,120,True,"120} \]
</think>

Given a",False,60,False
25,aime24,2048,16,60,0.625,0.3559,4,120,True,"60} \]
</think>

Given a convex",False,60,False
25,aime24,2176,17,120,0.6471,0.3372,4,120,True,"120} \]
</think>

Given a",False,60,False
25,aime24,2304,18,120,0.6667,0.3203,4,120,True,"120} \]
</think>

Given a",False,60,False
25,aime24,2432,19,120,0.6842,0.3049,4,120,True,"120} \]
</think>

Given a",False,60,False
25,aime24,2560,20,120,0.7,0.2908,4,120,True,"120} \]
</think>

Given a",False,60,False
25,aime24,2688,21,120,0.7143,0.2779,4,120,True,"120} \]
</think>

Given a",False,60,False
25,aime24,2816,22,60,0.6818,0.2843,4,120,True,"60} \]
</think>

Given a convex",False,60,False
25,aime24,2944,23,120,0.6957,0.2733,4,120,True,"120} \]
</think>

Given a",False,60,False
25,aime24,3072,24,60,0.6667,0.2774,4,120,True,"60} \]
</think>

Given a convex",False,60,False
26,aime24,128,1,2024,1.0,0.0,1,2024,True,2024} \],False,2024,False
26,aime24,256,2,2024,1.0,0.0,1,2024,True,2024} \],False,2024,False
26,aime24,384,3,72,0.6667,0.5794,2,2024,True,72} \],False,2024,False
26,aime24,512,4,40,0.5,0.75,3,2024,True,40} \],False,2024,False
26,aime24,640,5,2025,0.4,0.8277,4,2024,False,"2025} \]

Wait, hold",False,2024,False
26,aime24,768,6,1024,0.3333,0.871,5,2024,False,"1024} \]

Wait, hold",False,2024,False
26,aime24,896,7,1024,0.2857,0.7965,5,2024,True,"1024} \]
</think>

Alice",False,2024,False
26,aime24,1024,8,2025,0.25,0.75,5,2024,True,"2025} \]
</think>

Alice",False,2024,False
26,aime24,1152,9,102,0.2222,0.7897,6,2024,True,"102} \]

**Step-by-",False,2024,False
26,aime24,1280,10,,0.2,0.8194,7,2024,True,1111110110,False,2024,False
26,aime24,1408,11,2024,0.2727,0.7699,7,2024,False,"2024} \]

Wait, no",False,2024,False
26,aime24,1536,12,2024,0.3333,0.7211,7,2024,False,"2024} \]

Wait, no",False,2024,False
26,aime24,1664,13,2024,0.3846,0.6755,7,2024,False,"2024} \]

Wait, no",False,2024,False
26,aime24,1792,14,2024,0.4286,0.634,7,2024,False,"2024} \]

Wait, no",False,2024,False
26,aime24,1920,15,15,0.4,0.6671,8,2024,True,"15} \]
</think>

Alice chooses a",False,2024,False
26,aime24,2048,16,2024,0.4375,0.6304,8,2024,False,"2024} \]

Wait, no",False,2024,False
26,aime24,2176,17,2047,0.4118,0.6596,9,2024,False,"2047} \]

Wait, hold",False,2024,False
26,aime24,2304,18,1024,0.3889,0.6482,9,2024,False,"1024} \]

Wait, hold",False,2024,False
26,aime24,2432,19,2048,0.3684,0.6728,10,2024,False,"2048} \]

Wait, no",False,2024,False
26,aime24,2560,20,31,0.35,0.6945,11,2024,True,"31} \]

**Final Answer**
\",False,2024,False
26,aime24,2688,21,31,0.3333,0.692,11,2024,False,"31} \]

Wait, no, that",False,2024,False
26,aime24,2816,22,204,0.3182,0.7105,12,2024,True,"204} \]
</think>

Alice chooses",False,2024,False
26,aime24,2944,23,2024,0.3478,0.6852,12,2024,False,"2024} \]

Wait, no",False,2024,False
26,aime24,3072,24,2024,0.375,0.6612,12,2024,False,"2024} \]

Wait, no",False,2024,False
27,aime24,128,1,9483,1.0,0.0,1,9483,True,"9483} \]

**Final Answer",False,716,False
27,aime24,256,2,7335,0.5,1.0,2,9483,True,7335} \],False,716,False
27,aime24,384,3,1234,0.3333,1.0,3,9483,True,1234} \],False,716,False
27,aime24,512,4,1342,0.25,1.0,4,9483,False,"1342} \]

**Note:**",False,716,False
27,aime24,640,5,1234,0.4,0.8277,4,1234,False,"1234} \]

**Note:**",False,716,False
27,aime24,768,6,1357,0.3333,0.871,5,1234,False,"1357} \]

Wait, hold",False,716,False
27,aime24,896,7,1008,0.2857,0.8982,6,1234,False,"1008} \]

**Note:**",False,716,False
27,aime24,1024,8,1344,0.25,0.9167,7,1234,False,"1344} \]

Wait, hold",False,716,False
27,aime24,1152,9,1111,0.2222,0.9299,8,1234,True,"1111} \]
</think>

To",False,716,False
27,aime24,1280,10,9081,0.2,0.9398,9,1234,False,"9081} \] Wait, hold",False,716,False
27,aime24,1408,11,231,0.1818,0.9474,10,1234,True,"231} \]
</think>

To solve",False,716,False
27,aime24,1536,12,119,0.1667,0.9535,11,1234,True,"119} \]
</think>

To solve",False,716,False
27,aime24,1664,13,1234,0.2308,0.9012,11,1234,False,"1234} \] Wait, no",False,716,False
27,aime24,1792,14,9681,0.2143,0.9108,12,1234,True,"9681} \]
</think>

To",False,716,False
27,aime24,1920,15,9871,0.2,0.9189,13,1234,False,"9871} \]

Wait, hold",False,716,False
27,aime24,2048,16,9683,0.1875,0.9257,14,1234,False,"9683} \]

Wait, hold",False,716,False
27,aime24,2176,17,1518,0.1765,0.9316,15,1234,True,"1518} \]
</think>

To",False,716,False
27,aime24,2304,18,9683,0.1667,0.91,15,1234,True,"9683} \]

**Final Answer",False,716,False
27,aime24,2432,19,1306,0.1579,0.9163,16,1234,True,"1306} \]
</think>

To",False,716,False
27,aime24,2560,20,7345,0.15,0.9219,17,1234,False,"7345} \]

Wait, hold",False,716,False
27,aime24,2688,21,8543,0.1429,0.9268,18,1234,True,"8543} \]
</think>

To",False,716,False
27,aime24,2816,22,618,0.1364,0.9311,19,1234,True,"618} \]
</think>

To solve",False,716,False
27,aime24,2944,23,7996,0.1304,0.9351,20,1234,True,"7996} \]
</think>

To",False,716,False
27,aime24,3072,24,716,0.125,0.9386,21,1234,True,"716} \]
</think>

To find",False,716,False
28,aime24,128,1,30,1.0,0.0,1,30,True,30} \],False,105,False
28,aime24,256,2,205,0.5,1.0,2,30,True,"205} \]
</think>

To solve",False,105,False
28,aime24,384,3,52,0.3333,1.0,3,30,True,52} \],False,105,False
28,aime24,512,4,40,0.25,1.0,4,30,True,"40} \]
</think>

To solve the",False,105,False
28,aime24,640,5,65,0.2,1.0,5,30,True,"65} \]
</think>

To solve the",False,105,False
28,aime24,768,6,10,0.1667,1.0,6,30,True,"10} \]

**Final Answer**
\",False,105,False
28,aime24,896,7,4,0.1429,1.0,7,30,False,"4} \]

Wait, hold on, that",False,105,False
28,aime24,1024,8,10,0.25,0.9167,7,10,True,"10} \]

**Final Answer**
\",False,105,False
28,aime24,1152,9,15,0.2222,0.9299,8,10,True,"15} \]
</think>

To solve the",False,105,False
28,aime24,1280,10,32,0.2,0.9398,9,10,True,"32} \]

**Final Answer**
\",False,105,False
28,aime24,1408,11,105,0.1818,0.9474,10,10,True,"105} \]
</think>

To solve",False,105,False
28,aime24,1536,12,37,0.1667,0.9535,11,10,True,"37} \]
</think>

To solve the",False,105,False
28,aime24,1664,13,103,0.1538,0.9584,12,10,True,"103} \]
</think>

To solve",False,105,False
28,aime24,1792,14,45,0.1429,0.9625,13,10,True,"45} \]
</think>

To solve the",False,105,False
28,aime24,1920,15,35,0.1333,0.9659,14,10,False,"35} \]

**Note:** The final",False,105,False
28,aime24,2048,16,13,0.125,0.9688,15,10,True,"13} \]
</think>

To solve the",False,105,False
28,aime24,2176,17,10,0.1765,0.9316,15,10,True,"10} \]
</think>

To solve the",False,105,False
28,aime24,2304,18,34,0.1667,0.9367,16,10,True,"34} \]

**Final Answer**
\",False,105,False
28,aime24,2432,19,105,0.1579,0.9163,16,10,False,"105} \]

Wait, hold on",False,105,False
28,aime24,2560,20,45,0.15,0.8987,16,10,True,"45} \]
</think>

To solve the",False,105,False
28,aime24,2688,21,31,0.1429,0.9051,17,10,True,"31} \]

**Final Answer**
\",False,105,False
28,aime24,2816,22,13,0.1364,0.8904,17,10,True,"13} \]
</think>

To solve the",False,105,False
28,aime24,2944,23,121,0.1304,0.8966,18,10,False,"121} \]

Wait, no,",False,105,False
28,aime24,3072,24,105,0.125,0.8772,18,10,True,"105} \]

**Final Answer**
",False,105,False
24,aime24,128,1,13,1.0,0.0,1,13,True,"13} \]
</think>

Given the system",False,33,True
24,aime24,256,2,21,0.5,1.0,2,13,True,"21} \]
</think>

Given the system",False,33,True
24,aime24,384,3,11,0.3333,1.0,3,13,True,"11} \]
</think>

Given the system",False,33,True
24,aime24,512,4,113,0.25,1.0,4,13,True,113} \],False,33,True
24,aime24,640,5,10,0.2,1.0,5,13,True,"10} \]
</think>

Given the system",False,33,True
24,aime24,768,6,10,0.3333,0.871,5,10,True,"10} \]

**Final Answer**
\",False,33,True
24,aime24,896,7,10,0.4286,0.758,5,10,True,"10} \]

**Final Answer**
\",False,33,True
24,aime24,1024,8,11,0.375,0.7185,5,10,True,"11} \]
</think>

Given the system",False,33,True
24,aime24,1152,9,14,0.3333,0.7632,6,10,True,"14} \]

**Final Answer**
\",False,33,True
24,aime24,1280,10,109,0.3,0.7967,7,10,True,"109} \]

**Final Answer**
",False,33,True
24,aime24,1408,11,2^{-3/8},0.2727,0.8225,8,10,False,"2^{-3/8}} \]

Wait,",False,33,True
24,aime24,1536,12,10,0.3333,0.7675,8,10,False,"10} \]

Wait, hold on.",False,33,True
24,aime24,1664,13,10,0.3846,0.7171,8,10,True,"10} \]

**Final Answer**
\",False,33,True
24,aime24,1792,14,41,0.3571,0.7447,9,10,True,"41} \]
</think>

Given the system",False,33,True
24,aime24,1920,15,75,0.3333,0.7678,10,10,False,"75} \]

Wait, hold on,",False,33,True
24,aime24,2048,16,33,0.3125,0.7873,11,10,True,"33} \]
</think>

Given the system",False,33,True
24,aime24,2176,17,33,0.2941,0.7754,11,10,True,"33} \]
</think>

Given the system",False,33,True
24,aime24,2304,18,33,0.2778,0.7553,11,10,True,"33} \]

**Final Answer**
\",False,33,True
24,aime24,2432,19,33,0.2632,0.7323,11,10,True,"33} \]

**Final Answer**
\",False,33,True
24,aime24,2560,20,33,0.25,0.7082,11,10,True,"33} \]
</think>

Given the system",False,33,True
24,aime24,2688,21,33,0.2857,0.6843,11,33,True,"33} \]
</think>

Given the system",False,33,True
24,aime24,2816,22,33,0.3182,0.661,11,33,True,"33} \]
</think>

Given the system",False,33,True
24,aime24,2944,23,33,0.3478,0.6385,11,33,True,"33} \]

**Final Answer**
\",False,33,True
24,aime24,3072,24,33,0.375,0.6171,11,33,True,"33} \]
</think>

Given the system",False,33,True
29,aime24,128,1,1024,1.0,0.0,1,1024,True,"1024} \]

**Final Answer",False,26,False
29,aime24,256,2,,0.5,1.0,2,1024,True,2^{25} + 2^{2,False,26,False
29,aime24,384,3,2^{50},0.3333,1.0,3,1024,False,"2^{50}} \]

Wait, no",False,26,False
29,aime24,512,4,2^{50},0.5,0.75,3,2^{50},True,"2^{50}} \]

**Final Answer",False,26,False
29,aime24,640,5,2581,0.4,0.8277,4,2^{50},True,"2581} \]
</think>

The",False,26,False
29,aime24,768,6,1024,0.3333,0.7421,4,1024,True,"1024} \]
</think>

To",False,26,False
29,aime24,896,7,2^{50},0.4286,0.6563,4,2^{50},False,"2^{50}} \]

Wait, hold",False,26,False
29,aime24,1024,8,2^{50},0.5,0.5833,4,2^{50},False,"2^{50}} \]

Wait, hold",False,26,False
29,aime24,1152,9,2^{25},0.4444,0.6495,5,2^{50},False,"2^{25}} \]

Wait, no",False,26,False
29,aime24,1280,10,2^{50},0.5,0.5903,5,2^{50},False,"2^{50}} \]

Wait, hold",False,26,False
29,aime24,1408,11,2^{50},0.5455,0.5399,5,2^{50},False,"2^{50}} \]

Wait, hold",False,26,False
29,aime24,1536,12,2^{50},0.5833,0.4967,5,2^{50},False,"2^{50}} \]

Wait, hold",False,26,False
29,aime24,1664,13,2^{50},0.6154,0.4595,5,2^{50},True,"2^{50}} \]
</think>

The",False,26,False
29,aime24,1792,14,2^{50},0.6429,0.4272,5,2^{50},False,"2^{50}} \]

Wait, hold",False,26,False
29,aime24,1920,15,256,0.6,0.4791,6,2^{50},True,"256} \]
</think>

The problem",False,26,False
29,aime24,2048,16,1296,0.5625,0.523,7,2^{50},True,"1296} \]
</think>

The",False,26,False
29,aime24,2176,17,256,0.5294,0.5319,7,2^{50},False,"256} \]

**Note:** The",False,26,False
29,aime24,2304,18,256,0.5,0.5299,7,2^{50},False,"256} \]

**Note:** The",False,26,False
29,aime24,2432,19,2^{50},0.5263,0.5047,7,2^{50},False,"2^{50}} \]

Wait, no",False,26,False
29,aime24,2560,20,2^{50},0.55,0.4816,7,2^{50},False,"2^{50}} \]

**Note:**",False,26,False
29,aime24,2688,21,2^{50},0.5714,0.4604,7,2^{50},False,"2^{50}} \]

Wait, hold",False,26,False
29,aime24,2816,22,2^{50},0.5909,0.4408,7,2^{50},True,"2^{50}} \]
</think>

The",False,26,False
29,aime24,2944,23,,0.5652,0.4535,7,2^{50},True,2^{25} + 2^{2,False,26,False
29,aime24,3072,24,26,0.5417,0.4833,8,2^{50},True,"26} \])

**Final Answer**
\",False,26,False
